,trial,n,r,SNR,mode,alpha,slices,beta,delta,gamma,max_iter,total budget,revealed,time,rel_error_sand,rel_error_tc_final
0,0,200,10,inf,kron_alt,2,2,0.66,4.0,0.7,10,86528,0.010816,597.8391671292484,0.0011814004369307,1.4736113079733624e-07
1,1,200,10,inf,kron_alt,2,2,0.66,4.0,0.7,10,86522,0.01081525,596.1967573333532,0.0001112006473143,9.862263966510093e-08
2,2,200,10,inf,kron_alt,2,2,0.66,4.0,0.7,10,86524,0.0108155,609.3016199152917,4.543783701298109e-05,3.093513123590148e-07
3,3,200,10,inf,kron_alt,2,2,0.66,4.0,0.7,10,86523,0.010815375,591.1691445559263,0.0010304036902647,1.9550693458302133e-07
4,4,200,10,inf,kron_alt,2,2,0.66,4.0,0.7,10,86522,0.01081525,602.9651485811919,3.6277538497919065e-05,2.783295494830266e-08
5,5,200,10,inf,kron_alt,2,2,0.66,4.0,0.7,10,86522,0.01081525,601.7550027258694,3.129694048826658e-05,1.658483445315386e-07
6,6,200,10,inf,kron_alt,2,2,0.66,4.0,0.7,10,86522,0.01081525,587.6936873905361,7.898517751826684e-05,4.255789359061501e-07
7,7,200,10,inf,kron_alt,2,2,0.66,4.0,0.7,10,86522,0.01081525,594.8218774944544,2.09491950420558e-05,1.0790594739667165e-07
8,8,200,10,inf,kron_alt,2,2,0.66,4.0,0.7,10,86522,0.01081525,605.9268800206482,0.0001443829501059,2.8785518121140613e-08
9,9,200,10,inf,kron_alt,2,2,0.66,4.0,0.7,10,86522,0.01081525,603.2914403881878,1.4193880331428046e-05,2.2728899539489008e-08
10,0,200,20,inf,kron_alt,2,2,0.66,4.0,0.35,10,94442,0.01180525,1901.7777228280904,0.0001207930270413,0.1557186186192579
11,1,200,20,inf,kron_alt,2,2,0.66,4.0,0.35,10,94448,0.011806,1882.1253987923265,0.0010557139293962,0.2114459839909121
12,2,200,20,inf,kron_alt,2,2,0.66,4.0,0.35,10,94444,0.0118055,1873.3904996011408,0.0010791667085424,0.2458949424479115
13,3,200,20,inf,kron_alt,2,2,0.66,4.0,0.35,10,94453,0.011806625,1921.112250605598,0.0001899179631614,0.6016190553088133
14,4,200,20,inf,kron_alt,2,2,0.66,4.0,0.35,10,94443,0.011805375,1903.4946702141317,0.0014541172196592,0.0752928520596362
15,5,200,20,inf,kron_alt,2,2,0.66,4.0,0.35,10,94455,0.011806875,1920.290577687323,0.0001944985513224,0.157166352272184
16,6,200,20,inf,kron_alt,2,2,0.66,4.0,0.35,10,94443,0.011805375,1893.2539336159823,0.0078814142706156,0.1560120092390279
17,7,200,20,inf,kron_alt,2,2,0.66,4.0,0.35,10,94443,0.011805375,1937.2121794018892,0.0010310485644672,0.5206993544334007
18,8,200,20,inf,kron_alt,2,2,0.66,4.0,0.35,10,94446,0.01180575,1925.8698352593929,6.086321293791289e-05,0.1101263497050725
19,9,200,20,inf,kron_alt,2,2,0.66,4.0,0.35,10,94444,0.0118055,1937.051104446873,0.000240635253223,0.1643338380602767
20,0,200,20,inf,kron_alt,2,2,0.66,4.0,0.14,10,47387,0.005923375,1622.7840240895748,0.0068753326814812,14464.024342059216
21,1,200,20,inf,kron_alt,2,2,0.66,4.0,0.14,10,47377,0.005922125,1611.6924894824624,0.0176431188846293,3317.755739891293
22,2,200,20,inf,kron_alt,2,2,0.66,4.0,0.14,10,47360,0.00592,1596.2738598361611,0.0082870996605465,3673.990681387758
23,3,200,20,inf,kron_alt,2,2,0.66,4.0,0.14,10,47386,0.00592325,1604.1888107340783,0.0044462111019208,7747.109112278807
24,4,200,20,inf,kron_alt,2,2,0.66,4.0,0.14,10,47391,0.005923875,1608.9301247894764,0.0112827084617757,1335.5845430049576
25,5,200,20,inf,kron_alt,2,2,0.66,4.0,0.14,10,47377,0.005922125,1595.7507327254862,0.0016835765018988,159.49100005083648
26,6,200,20,inf,kron_alt,2,2,0.66,4.0,0.14,10,47365,0.005920625,1581.5789209920913,0.0022184309898514,1176.0450582869248
27,7,200,20,inf,kron_alt,2,2,0.66,4.0,0.14,10,47377,0.005922125,1587.14672687836,0.00911987465327,1358.2513187890866
28,8,200,20,inf,kron_alt,2,2,0.66,4.0,0.14,10,47385,0.005923125,1575.8325560893863,0.0045082102183172,55.81839911306412
29,9,200,20,inf,kron_alt,2,2,0.66,4.0,0.14,10,47367,0.005920875,1587.6917845793068,0.0050509194860301,12294.020529294496
30,0,200,10,inf,kron_alt,2,2,0.66,4.0,0.56,10,70817,0.008852125,643.7705376353115,0.0001363755966544,4.815258826559563e-05
31,1,200,10,inf,kron_alt,2,2,0.66,4.0,0.56,10,70819,0.008852375,645.8684259802103,3.320922051044581e-05,1.8010678469016251e-06
32,2,200,10,inf,kron_alt,2,2,0.66,4.0,0.56,10,70820,0.0088525,643.9795134235173,0.0001065142742949,8.859454777047051e-07
33,3,200,10,inf,kron_alt,2,2,0.66,4.0,0.56,10,70825,0.008853125,643.2522404678166,2.950026418821308e-05,2.5595262164024986e-07
34,4,200,10,inf,kron_alt,2,2,0.66,4.0,0.56,10,70827,0.008853375,641.2126688864082,6.559152056143652e-05,4.2030413359772053e-07
35,5,200,10,inf,kron_alt,2,2,0.66,4.0,0.56,10,70821,0.008852625,645.0620380658656,4.775550608193165e-05,9.720902390765034e-07
36,6,200,10,inf,kron_alt,2,2,0.66,4.0,0.56,10,70818,0.00885225,645.8150077909231,1.8288255893647728e-05,6.354476270472847e-07
37,7,200,10,inf,kron_alt,2,2,0.66,4.0,0.56,10,70820,0.0088525,643.0910064894706,0.0002863149244723,6.977079678246352e-07
38,8,200,10,inf,kron_alt,2,2,0.66,4.0,0.56,10,70814,0.00885175,644.3784372471273,0.0004618290292327,5.57692526190932e-07
39,9,200,10,inf,kron_alt,2,2,0.66,4.0,0.56,10,70822,0.00885275,644.7263995129615,0.0002664384132054,5.521255433656501e-07
40,0,200,5,inf,kron_alt,2,2,0.66,4.0,0.14,10,11854,0.00148175,864.5805696509778,0.0438449504263086,0.1681569302456546
41,1,200,5,inf,kron_alt,2,2,0.66,4.0,0.14,10,11854,0.00148175,904.2855604270007,0.0625469035793925,0.1644676495730417
42,2,200,5,inf,kron_alt,2,2,0.66,4.0,0.14,10,11857,0.001482125,859.6211214429932,0.0485796748580176,0.1542865608485616
43,3,200,5,inf,kron_alt,2,2,0.66,4.0,0.14,10,11854,0.00148175,864.5511013669893,0.046382963144284,0.184814696565196
44,4,200,5,inf,kron_alt,2,2,0.66,4.0,0.14,10,11853,0.001481625,856.9310876859818,0.0420240154250845,1.0612430677184572
45,5,200,5,inf,kron_alt,2,2,0.66,4.0,0.14,10,11856,0.001482,857.2012553539826,0.0318480556413185,1.0486632467600228
46,6,200,5,inf,kron_alt,2,2,0.66,4.0,0.14,10,11856,0.001482,856.14133760205,0.1475505306608104,1.0781037418791954
47,7,200,5,inf,kron_alt,2,2,0.66,4.0,0.14,10,11852,0.0014815,852.9624452301068,0.0212953474088428,1.0845983099981686
48,8,200,5,inf,kron_alt,2,2,0.66,4.0,0.14,10,11855,0.001481875,853.5014214209514,0.195697272146056,1.1240115821365435
49,9,200,5,inf,kron_alt,2,2,0.66,4.0,0.14,10,11855,0.001481875,858.0397537560202,0.0483556604523842,0.1569499246468211
50,0,200,20,inf,kron_alt,2,2,0.66,4.0,0.315,10,86599,0.010824875,1645.594103448093,0.0035239832262258,12.361729916621336
51,1,200,20,inf,kron_alt,2,2,0.66,4.0,0.315,10,86596,0.0108245,1636.668063936755,0.0001333366079245,4.40885167774198
52,2,200,20,inf,kron_alt,2,2,0.66,4.0,0.315,10,86608,0.010826,1642.9196739140898,0.0005850491542855,15.754564797596249
53,3,200,20,inf,kron_alt,2,2,0.66,4.0,0.315,10,86604,0.0108255,1631.0764721482992,0.0014442971770081,2.9866704139138487
54,4,200,20,inf,kron_alt,2,2,0.66,4.0,0.315,10,86609,0.010826125,1667.9209399875251,0.0007995125376013,35.337223090693094
55,5,200,20,inf,kron_alt,2,2,0.66,4.0,0.315,10,86587,0.010823375,1641.6471188608557,0.0001089313533326,37.20427772568126
56,6,200,20,inf,kron_alt,2,2,0.66,4.0,0.315,10,86595,0.010824375,1644.3784892335534,0.0001186187080581,3.688825548980845
57,7,200,20,inf,kron_alt,2,2,0.66,4.0,0.315,10,86593,0.010824125,1636.619704823941,0.0001657643304256,6.810686692854682
58,8,200,20,inf,kron_alt,2,2,0.66,4.0,0.315,10,86604,0.0108255,1647.327561326325,0.0001251412532649,19.34081733774302
59,9,200,20,inf,kron_alt,2,2,0.66,4.0,0.315,10,86597,0.010824625,1638.5611497052014,0.0002727227821756,3.080316887485153
60,0,200,20,inf,kron_alt,2,2,0.66,4.0,0.07,10,31695,0.003961875,1945.766053719446,0.0153278181116531,2901.6717406121275
61,1,200,20,inf,kron_alt,2,2,0.66,4.0,0.07,10,31691,0.003961375,1935.375581020489,0.0255955543948092,11808.388728114069
62,2,200,20,inf,kron_alt,2,2,0.66,4.0,0.07,10,31682,0.00396025,1970.4136151243,0.0243925400853528,12065.6159019848
63,3,200,20,inf,kron_alt,2,2,0.66,4.0,0.07,10,31684,0.0039605,1967.816486183554,0.0315309377437943,1833.7396273632544
64,4,200,20,inf,kron_alt,2,2,0.66,4.0,0.07,10,31691,0.003961375,1965.5020827539263,0.0206449486317423,3333.649109376023
65,5,200,20,inf,kron_alt,2,2,0.66,4.0,0.07,10,31683,0.003960375,1976.3966973684728,0.0214481936515309,10612.936356764358
66,6,200,20,inf,kron_alt,2,2,0.66,4.0,0.07,10,31682,0.00396025,1947.7830157279968,0.04755574250903,1613.3375574917395
67,7,200,20,inf,kron_alt,2,2,0.66,4.0,0.07,10,31695,0.003961875,1956.2294941749424,0.0369946361071502,14143.197314411384
68,8,200,20,inf,kron_alt,2,2,0.66,4.0,0.07,10,31695,0.003961875,1940.69434726052,0.020780336001322,7456.516166850505
69,9,200,20,inf,kron_alt,2,2,0.66,4.0,0.07,10,31690,0.00396125,1945.5817545354369,0.0616439458827818,370.9125783929192
70,0,200,15,inf,kron_alt,2,2,0.66,4.0,0.15,10,37231,0.004653875,933.5114955883472,0.003407059644751,552.4631130957193
71,1,200,15,inf,kron_alt,2,2,0.66,4.0,0.15,10,37223,0.004652875,934.3666731491684,0.0084460131432069,8259.541211367365
72,2,200,15,inf,kron_alt,2,2,0.66,4.0,0.15,10,37229,0.004653625,921.8971211668104,0.0012385606202185,241.75418326601604
73,3,200,15,inf,kron_alt,2,2,0.66,4.0,0.15,10,37223,0.004652875,918.2270082104952,0.005726583921479,187.98993529192305
74,4,200,15,inf,kron_alt,2,2,0.66,4.0,0.15,10,37234,0.00465425,925.2851106170564,0.0047254319149606,633.1420319285329
75,5,200,15,inf,kron_alt,2,2,0.66,4.0,0.15,10,37230,0.00465375,928.817557491362,0.0056163009401102,3563.616338363259
76,6,200,15,inf,kron_alt,2,2,0.66,4.0,0.15,10,37226,0.00465325,931.6575146764516,0.003092728291111,2232.397806262952
77,7,200,15,inf,kron_alt,2,2,0.66,4.0,0.15,10,37231,0.004653875,928.3672992680222,0.0038949206140963,159.90034048063518
78,8,200,15,inf,kron_alt,2,2,0.66,4.0,0.15,10,37233,0.004654125,916.7171518746763,0.0028867865678299,1551.5308452464003
79,9,200,15,inf,kron_alt,2,2,0.66,4.0,0.15,10,37233,0.004654125,931.3848290424794,0.0077307705603653,37.24880175717735
80,0,200,5,inf,kron_alt,2,2,0.66,4.0,0.56,10,35426,0.00442825,522.8997828233987,5.050981956140628e-05,9.681323852959835e-07
81,1,200,5,inf,kron_alt,2,2,0.66,4.0,0.56,10,35422,0.00442775,519.7777173202485,7.241645934014156e-05,4.743462558740959e-07
82,2,200,5,inf,kron_alt,2,2,0.66,4.0,0.56,10,35423,0.004427875,523.3251952957362,3.289550529933711e-05,3.5307980845735414e-07
83,3,200,5,inf,kron_alt,2,2,0.66,4.0,0.56,10,35431,0.004428875,517.178463421762,7.079585031597337e-05,3.168885035083317e-07
84,4,200,5,inf,kron_alt,2,2,0.66,4.0,0.56,10,35423,0.004427875,515.8918286524713,0.0003254396651927,5.665215882194875e-07
85,5,200,5,inf,kron_alt,2,2,0.66,4.0,0.56,10,35423,0.004427875,522.2803625687957,8.452848693959624e-06,8.678189400172858e-07
86,6,200,5,inf,kron_alt,2,2,0.66,4.0,0.56,10,35412,0.0044265,513.071985848248,1.722852041774508e-05,4.523011996834854e-05
87,7,200,5,inf,kron_alt,2,2,0.66,4.0,0.56,10,35421,0.004427625,521.3388847000897,3.6493210325507686e-05,4.015642212572124e-07
88,8,200,5,inf,kron_alt,2,2,0.66,4.0,0.56,10,35421,0.004427625,518.0161459222436,4.92787926670896e-05,4.371733639920822e-07
89,9,200,5,inf,kron_alt,2,2,0.66,4.0,0.56,10,35422,0.00442775,521.4893152154982,0.0001493499210262,3.2674625214680457e-07
90,0,200,20,inf,kron_alt,2,2,0.66,4.0,0.245,10,70919,0.008864875,1845.8863383112475,0.0005830767266826,80.26105428897777
91,1,200,20,inf,kron_alt,2,2,0.66,4.0,0.245,10,70897,0.008862125,1826.255446347408,0.0001331550507448,71.95273580102332
92,2,200,20,inf,kron_alt,2,2,0.66,4.0,0.245,10,70922,0.00886525,1812.0578458504751,0.001175492961536,171.18614201267414
93,3,200,20,inf,kron_alt,2,2,0.66,4.0,0.245,10,70914,0.00886425,1814.009470832534,0.0002886214459543,56.7214585888954
94,4,200,20,inf,kron_alt,2,2,0.66,4.0,0.245,10,70918,0.00886475,1833.6787538547069,0.0007539304728646,292.52890930554435
95,5,200,20,inf,kron_alt,2,2,0.66,4.0,0.245,10,70916,0.0088645,1824.174030886963,0.0019688223816123,4254.227485133725
96,6,200,20,inf,kron_alt,2,2,0.66,4.0,0.245,10,70916,0.0088645,1819.5197816463187,0.0005398971408999,76.97790842610999
97,7,200,20,inf,kron_alt,2,2,0.66,4.0,0.245,10,70913,0.008864125,1839.314703739248,0.0012008031654298,774.6965369914836
98,8,200,20,inf,kron_alt,2,2,0.66,4.0,0.245,10,70905,0.008863125,1826.3276050304996,0.0025367550319079,27.67242787074403
99,9,200,20,inf,kron_alt,2,2,0.66,4.0,0.245,10,70897,0.008862125,1780.3710866840556,0.0012374207661895,112.87514059683171
100,0,200,15,inf,kron_alt,2,2,0.66,4.0,0.45,10,87682,0.01096025,899.7677314206958,0.000766872165195,5.4331355447962126e-05
101,1,200,15,inf,kron_alt,2,2,0.66,4.0,0.45,10,87676,0.0109595,898.2947967797518,0.0014807001495463,0.0001074581548887
102,2,200,15,inf,kron_alt,2,2,0.66,4.0,0.45,10,87678,0.01095975,886.2270818408579,3.0770442433919794e-05,7.2130111168497e-05
103,3,200,15,inf,kron_alt,2,2,0.66,4.0,0.45,10,87682,0.01096025,877.6166861373931,0.0004608876969264,0.0002502666431381
104,4,200,15,inf,kron_alt,2,2,0.66,4.0,0.45,10,87676,0.0109595,884.620909254998,0.0001761549564242,2.579359127510409e-05
105,5,200,15,inf,kron_alt,2,2,0.66,4.0,0.45,10,87675,0.010959375,896.4419185929,0.0003995890499043,1.849812178953402e-05
106,6,200,15,inf,kron_alt,2,2,0.66,4.0,0.45,10,87675,0.010959375,889.7293127235025,0.0001804645286802,6.241168666022451e-05
107,7,200,15,inf,kron_alt,2,2,0.66,4.0,0.45,10,87688,0.010961,891.7749355584383,0.001102986220847,1.915263747421493e-05
108,8,200,15,inf,kron_alt,2,2,0.66,4.0,0.45,10,87678,0.01095975,880.9470523390919,0.0001544510514204,6.295333158689258e-05
109,9,200,15,inf,kron_alt,2,2,0.66,4.0,0.45,10,87678,0.01095975,905.4761127401144,0.000203904640291,4.855838325456751e-05
110,0,200,15,inf,kron_alt,2,2,0.66,4.0,0.5,10,91880,0.011485,874.0483971331269,0.0001605076383514,2.2538666779793536e-05
111,1,200,15,inf,kron_alt,2,2,0.66,4.0,0.5,10,91880,0.011485,872.058801881969,0.0001568750675616,5.393618789454391e-05
112,2,200,15,inf,kron_alt,2,2,0.66,4.0,0.5,10,91880,0.011485,864.2227496672422,4.305886564790947e-05,4.445977674256638e-05
113,3,200,15,inf,kron_alt,2,2,0.66,4.0,0.5,10,91880,0.011485,872.3713278435171,0.0006065438835624,2.017764266566504e-05
114,4,200,15,inf,kron_alt,2,2,0.66,4.0,0.5,10,91880,0.011485,848.79107500799,3.155320247435034e-05,1.4088294511717654e-05
115,5,200,15,inf,kron_alt,2,2,0.66,4.0,0.5,10,91880,0.011485,883.8613293822855,0.0003426689425261,0.0001716806255721
116,6,200,15,inf,kron_alt,2,2,0.66,4.0,0.5,10,91880,0.011485,873.3641117531806,0.0001721636537158,2.3741755586196023e-05
117,7,200,15,inf,kron_alt,2,2,0.66,4.0,0.5,10,91880,0.011485,872.5548259317875,0.0001716926308448,1.4107109902949137e-05
118,8,200,15,inf,kron_alt,2,2,0.66,4.0,0.5,10,91880,0.011485,887.8219766505063,5.905987469812269e-05,1.9932166512971205e-05
119,9,200,15,inf,kron_alt,2,2,0.66,4.0,0.5,10,91880,0.011485,878.5292617399246,8.915449911602577e-05,9.279564449461776e-05
120,0,200,5,inf,kron_alt,2,2,0.66,4.0,0.98,10,58991,0.007373875,519.6138446535915,0.0050592502764562,3.800941160015498e-09
121,1,200,5,inf,kron_alt,2,2,0.66,4.0,0.98,10,58998,0.00737475,522.0527121741325,2.270257450653244e-05,1.7081560340957362e-08
122,2,200,5,inf,kron_alt,2,2,0.66,4.0,0.98,10,58990,0.00737375,524.9351573288441,3.3264549979201075e-05,5.104952268344132e-08
123,3,200,5,inf,kron_alt,2,2,0.66,4.0,0.98,10,58994,0.00737425,527.6736702192575,4.062983303351949e-05,2.0138681098407932e-09
124,4,200,5,inf,kron_alt,2,2,0.66,4.0,0.98,10,58987,0.007373375,527.29758021608,0.0011657526872538,2.7069817778526873e-09
125,5,200,5,inf,kron_alt,2,2,0.66,4.0,0.98,10,58987,0.007373375,525.6194134559482,4.8448914525433925e-05,3.124478618780429e-09
126,6,200,5,inf,kron_alt,2,2,0.66,4.0,0.98,10,58995,0.007374375,525.5284559428692,2.83462287979911e-05,5.211706303418522e-09
127,7,200,5,inf,kron_alt,2,2,0.66,4.0,0.98,10,58990,0.00737375,529.2763558682054,9.5970437871437e-06,6.806590565962218e-09
128,8,200,5,inf,kron_alt,2,2,0.66,4.0,0.98,10,58996,0.0073745,526.2986197583377,2.73975588179802e-05,6.0015327060452325e-09
129,9,200,5,inf,kron_alt,2,2,0.66,4.0,0.98,10,58999,0.007374875,527.0220233090222,3.56257817339921e-05,6.01193164001043e-09
130,0,200,15,inf,kron_alt,2,2,0.66,4.0,0.3,10,62461,0.007807625,1548.865777623956,0.0010440908175993,0.0329039081757311
131,1,200,15,inf,kron_alt,2,2,0.66,4.0,0.3,10,62444,0.0078055,1536.5306554409908,0.0021071863374936,0.0273063001112469
132,2,200,15,inf,kron_alt,2,2,0.66,4.0,0.3,10,62456,0.007807,1598.2900591989746,9.343857402689554e-05,0.0423964683374903
133,3,200,15,inf,kron_alt,2,2,0.66,4.0,0.3,10,62464,0.007808,1572.1937777240528,0.0001685690488553,0.0223963495701748
134,4,200,15,inf,kron_alt,2,2,0.66,4.0,0.3,10,62463,0.007807875,1596.802716957056,0.0001909649199798,0.0291488820652939
135,5,200,15,inf,kron_alt,2,2,0.66,4.0,0.3,10,62449,0.007806125,1558.070909893955,0.0003406444913601,0.0646415024632039
136,6,200,15,inf,kron_alt,2,2,0.66,4.0,0.3,10,62454,0.00780675,1559.321155461017,0.0012255417177851,0.0997673558502974
137,7,200,15,inf,kron_alt,2,2,0.66,4.0,0.3,10,62450,0.00780625,1559.629696637974,0.0003186528090948,0.0217794536531712
138,8,200,15,inf,kron_alt,2,2,0.66,4.0,0.3,10,62427,0.007803375,1537.077406347962,0.0017380175811705,0.0268290049136576
139,9,200,15,inf,kron_alt,2,2,0.66,4.0,0.3,10,62452,0.0078065,1562.2599518708885,0.0002853914646147,0.0246032583061288
140,0,200,5,inf,kron_alt,2,2,0.66,4.0,1.12,10,66852,0.0083565,515.0623908005655,0.0001779188089147,8.943563072430782e-10
141,1,200,5,inf,kron_alt,2,2,0.66,4.0,1.12,10,66851,0.008356375,512.2211613375694,0.0001529914928661,1.332971545595515e-09
142,2,200,5,inf,kron_alt,2,2,0.66,4.0,1.12,10,66853,0.008356625,512.8273309394717,5.4299476692684014e-05,1.857037680472522e-09
143,3,200,5,inf,kron_alt,2,2,0.66,4.0,1.12,10,66848,0.008356,510.8175947964192,0.0002439430696933,1.7485909263955004e-09
144,4,200,5,inf,kron_alt,2,2,0.66,4.0,1.12,10,66847,0.008355875,513.9724233858287,5.517006630443212e-06,1.0521586838892456e-09
145,5,200,5,inf,kron_alt,2,2,0.66,4.0,1.12,10,66846,0.00835575,513.9725993741304,4.138776032455599e-05,1.9691524620653366e-09
146,6,200,5,inf,kron_alt,2,2,0.66,4.0,1.12,10,66853,0.008356625,505.7834636773914,5.796151675600506e-05,2.049804426412585e-09
147,7,200,5,inf,kron_alt,2,2,0.66,4.0,1.12,10,66856,0.008357,504.4346773959696,0.000100942328493,6.484815137372348e-10
148,8,200,5,inf,kron_alt,2,2,0.66,4.0,1.12,10,66846,0.00835575,512.1909575145692,0.0001777259503244,2.8741768038016583e-09
149,9,200,5,inf,kron_alt,2,2,0.66,4.0,1.12,10,66848,0.008356,512.5213577430695,2.9117686100997656e-05,2.784894188265088e-09
150,0,200,10,inf,kron_alt,2,2,0.66,4.0,0.21,10,31558,0.00394475,660.5428317617625,0.0009922751539797,0.05906161965338
151,1,200,10,inf,kron_alt,2,2,0.66,4.0,0.21,10,31551,0.003943875,661.2675639428198,0.0003150312167295,0.0325887304648822
152,2,200,10,inf,kron_alt,2,2,0.66,4.0,0.21,10,31554,0.00394425,660.5191287361085,0.0024147791241023,0.0323267153247397
153,3,200,10,inf,kron_alt,2,2,0.66,4.0,0.21,10,31542,0.00394275,659.6528321839869,0.0020101501463403,0.0195712500512569
154,4,200,10,inf,kron_alt,2,2,0.66,4.0,0.21,10,31557,0.003944625,660.4958016760647,6.794612023628641e-05,0.0242693139854653
155,5,200,10,inf,kron_alt,2,2,0.66,4.0,0.21,10,31556,0.0039445,660.2816589437425,0.000639545833003,0.0376254870086001
156,6,200,10,inf,kron_alt,2,2,0.66,4.0,0.21,10,31553,0.003944125,658.8280505929142,0.0020674264988521,0.0396494054321913
157,7,200,10,inf,kron_alt,2,2,0.66,4.0,0.21,10,31561,0.003945125,664.634275117889,0.001116156314034,0.0340741741092347
158,8,200,10,inf,kron_alt,2,2,0.66,4.0,0.21,10,31555,0.003944375,662.5492909047753,0.0021329278107385,0.0324984831560052
159,9,200,10,inf,kron_alt,2,2,0.66,4.0,0.21,10,31553,0.003944125,661.1247198786587,0.0004902889193095,0.0396282144517346
160,0,200,15,inf,kron_alt,2,2,0.66,4.0,0.2,10,45635,0.005704375,928.6252794843168,0.0051787162147666,423.3303471810143
161,1,200,15,inf,kron_alt,2,2,0.66,4.0,0.2,10,45631,0.005703875,906.2555900160224,0.0036223394816917,93.18173392018645
162,2,200,15,inf,kron_alt,2,2,0.66,4.0,0.2,10,45635,0.005704375,922.302674593404,0.0036265989521937,1239.692471655172
163,3,200,15,inf,kron_alt,2,2,0.66,4.0,0.2,10,45642,0.00570525,926.2701173517852,0.0028323627333324,96.1079303901906
164,4,200,15,inf,kron_alt,2,2,0.66,4.0,0.2,10,45633,0.005704125,914.1629431210458,0.0021008427232313,70.09482990904127
165,5,200,15,inf,kron_alt,2,2,0.66,4.0,0.2,10,45631,0.005703875,919.351462226361,0.0020494381855012,70.85091259119811
166,6,200,15,inf,kron_alt,2,2,0.66,4.0,0.2,10,45633,0.005704125,925.7979048024864,0.0007222695345403,107.32271546241924
167,7,200,15,inf,kron_alt,2,2,0.66,4.0,0.2,10,45633,0.005704125,921.7543214187026,0.0051392093802226,66.46500835102971
168,8,200,15,inf,kron_alt,2,2,0.66,4.0,0.2,10,45643,0.005705375,924.0325505826622,0.0033691005136765,3226.1138638429074
169,9,200,15,inf,kron_alt,2,2,0.66,4.0,0.2,10,45637,0.005704625,914.3820139467716,0.0006806138355853,6158.272624732129
170,0,200,20,inf,kron_alt,2,2,0.66,4.0,0.105,10,39539,0.004942375,1755.039077214897,0.0145809024437271,373.12668865614967
171,1,200,20,inf,kron_alt,2,2,0.66,4.0,0.105,10,39534,0.00494175,1822.9116830704731,0.0439796624704906,3646.164327514253
172,2,200,20,inf,kron_alt,2,2,0.66,4.0,0.105,10,39541,0.004942625,1830.5510063199329,0.0093183908274812,1249.6595037789475
173,3,200,20,inf,kron_alt,2,2,0.66,4.0,0.105,10,39543,0.004942875,1814.5842783078551,0.0172787633670769,2349.109665188048
174,4,200,20,inf,kron_alt,2,2,0.66,4.0,0.105,10,39531,0.004941375,1811.2298657428476,0.0139568312154285,420.61628893542087
175,5,200,20,inf,kron_alt,2,2,0.66,4.0,0.105,10,39526,0.00494075,1837.6500975582749,0.0049499181216008,2475.120273498104
176,6,200,20,inf,kron_alt,2,2,0.66,4.0,0.105,10,39531,0.004941375,1841.368942609988,0.0117158921525617,92970.5647947827
177,7,200,20,inf,kron_alt,2,2,0.66,4.0,0.105,10,39533,0.004941625,1821.7007375583053,0.0258223965375894,244.75057875440717
178,8,200,20,inf,kron_alt,2,2,0.66,4.0,0.105,10,39529,0.004941125,1813.9457612084225,0.0114205753551698,11135.043631863658
179,9,200,20,inf,kron_alt,2,2,0.66,4.0,0.105,10,39544,0.004943,1800.68884883821,0.0053766025144509,908.737565113488
180,0,200,20,inf,kron_alt,2,2,0.66,4.0,0.28,10,78751,0.009843875,1934.8710340801624,0.0014315922563521,95.6601262267148
181,1,200,20,inf,kron_alt,2,2,0.66,4.0,0.28,10,78750,0.00984375,1928.10137591511,0.0006938376703864,30.20902761951633
182,2,200,20,inf,kron_alt,2,2,0.66,4.0,0.28,10,78742,0.00984275,1935.160092830658,0.000516452899498,482.5799706793197
183,3,200,20,inf,kron_alt,2,2,0.66,4.0,0.28,10,78747,0.009843375,1919.0575015880167,0.0033882030359948,547.5542336302068
184,4,200,20,inf,kron_alt,2,2,0.66,4.0,0.28,10,78738,0.00984225,1929.775313548744,0.0008537699489618,39.571437000253184
185,5,200,20,inf,kron_alt,2,2,0.66,4.0,0.28,10,78758,0.00984475,1918.3063107170165,0.0014753753663405,57.126287745886486
186,6,200,20,inf,kron_alt,2,2,0.66,4.0,0.28,10,78776,0.009847,1958.9887437801808,0.0007237755846381,23.767962089767057
187,7,200,20,inf,kron_alt,2,2,0.66,4.0,0.28,10,78743,0.009842875,1940.039280584082,0.0011508703334172,313.04283057190764
188,8,200,20,inf,kron_alt,2,2,0.66,4.0,0.28,10,78736,0.009842,1936.8019248470664,0.0009245114687323,418.4640215234812
189,9,200,20,inf,kron_alt,2,2,0.66,4.0,0.28,10,78752,0.009844,1939.9232755135745,0.0001974713162357,166.81099669836078
190,0,200,5,inf,kron_alt,2,2,0.66,4.0,0.7,10,43283,0.005410375,528.7424640785903,6.70956649306712e-05,5.3851898773449546e-08
191,1,200,5,inf,kron_alt,2,2,0.66,4.0,0.7,10,43289,0.005411125,525.8740627504885,0.0001017350734669,5.0165183166408174e-08
192,2,200,5,inf,kron_alt,2,2,0.66,4.0,0.7,10,43281,0.005410125,524.6433969121426,2.168716036670679e-05,2.317461452465255e-07
193,3,200,5,inf,kron_alt,2,2,0.66,4.0,0.7,10,43287,0.005410875,527.0067126844078,2.3376918374251142e-05,1.068019077824449e-07
194,4,200,5,inf,kron_alt,2,2,0.66,4.0,0.7,10,43283,0.005410375,526.4844671711326,7.886417133190111e-05,1.5541732806178922e-07
195,5,200,5,inf,kron_alt,2,2,0.66,4.0,0.7,10,43281,0.005410125,525.5065999198705,2.766599579143257e-05,9.759479511769449e-08
196,6,200,5,inf,kron_alt,2,2,0.66,4.0,0.7,10,43281,0.005410125,525.3191820308566,0.0002198684427136,6.811821704201026e-08
197,7,200,5,inf,kron_alt,2,2,0.66,4.0,0.7,10,43271,0.005408875,526.0520891156048,4.490765179717327e-05,0.0165789151139588
198,8,200,5,inf,kron_alt,2,2,0.66,4.0,0.7,10,43282,0.00541025,524.3224124200642,5.332385090326274e-05,8.966018131108741e-08
199,9,200,5,inf,kron_alt,2,2,0.66,4.0,0.7,10,43284,0.0054105,524.778969630599,1.4051943401245388e-05,1.227348175780463e-07
200,0,200,15,inf,kron_alt,2,2,0.66,4.0,0.25,10,54034,0.00675425,1540.5730186640285,0.0002805848949441,1.0444752768309962
201,1,200,15,inf,kron_alt,2,2,0.66,4.0,0.25,10,54044,0.0067555,1543.196498817997,0.0002502267264831,0.2025346395562393
202,2,200,15,inf,kron_alt,2,2,0.66,4.0,0.25,10,54039,0.006754875,1599.4164325098973,0.0017375835639731,1.5437796467466094
203,3,200,15,inf,kron_alt,2,2,0.66,4.0,0.25,10,54050,0.00675625,1569.3309449370718,0.0002439636584759,1.0789757994070082
204,4,200,15,inf,kron_alt,2,2,0.66,4.0,0.25,10,54046,0.00675575,1612.072236670996,9.216636414039686e-05,1.7657761505796372
205,5,200,15,inf,kron_alt,2,2,0.66,4.0,0.25,10,54017,0.006752125,1551.290115287993,0.0002435220676016,1.760352550973627
206,6,200,15,inf,kron_alt,2,2,0.66,4.0,0.25,10,54044,0.0067555,1558.1541639770148,0.0013019302814327,0.1748616630731906
207,7,200,15,inf,kron_alt,2,2,0.66,4.0,0.25,10,54031,0.006753875,1567.427528526052,0.0004009796514312,1.429889484809206
208,8,200,15,inf,kron_alt,2,2,0.66,4.0,0.25,10,54046,0.00675575,1544.4229836030863,0.0009745792200451,1.2103155494688742
209,9,200,15,inf,kron_alt,2,2,0.66,4.0,0.25,10,54039,0.006754875,1561.229608834954,0.000204020166646,0.1581624333826189
210,0,200,15,inf,kron_alt,2,2,0.66,4.0,0.05,10,20403,0.002550375,917.5930863171816,0.0402424005108025,5157.465268646115
211,1,200,15,inf,kron_alt,2,2,0.66,4.0,0.05,10,20408,0.002551,912.8262216057628,0.4604857726603075,1345.548716641809
212,2,200,15,inf,kron_alt,2,2,0.66,4.0,0.05,10,20408,0.002551,915.9095604438336,0.1030256704827184,129.06983948214983
213,3,200,15,inf,kron_alt,2,2,0.66,4.0,0.05,10,20400,0.00255,921.7502935826778,0.0733065129135754,389.3128616908723
214,4,200,15,inf,kron_alt,2,2,0.66,4.0,0.05,10,20416,0.002552,906.9024624563754,0.1808475085030417,420.1265796991263
215,5,200,15,inf,kron_alt,2,2,0.66,4.0,0.05,10,20410,0.00255125,909.4051530361176,0.0724940014353107,1442.9084697041542
216,6,200,15,inf,kron_alt,2,2,0.66,4.0,0.05,10,20412,0.0025515,908.4449232611804,0.0731179726737103,2023.374621984917
217,7,200,15,inf,kron_alt,2,2,0.66,4.0,0.05,10,20401,0.002550125,917.51231431216,0.1167127625290033,221.34405243377745
218,8,200,15,inf,kron_alt,2,2,0.66,4.0,0.05,10,20408,0.002551,913.0725713316352,0.0940083619728882,2005.1103487828475
219,9,200,15,inf,kron_alt,2,2,0.66,4.0,0.05,10,20407,0.002550875,908.4187656268476,0.1078111509569888,370.95525099162944
220,0,200,20,inf,kron_alt,2,2,0.66,4.0,0.4,10,95840,0.01198,2119.788854919374,0.0002556055601398,0.065101725495545
221,1,200,20,inf,kron_alt,2,2,0.66,4.0,0.4,10,95840,0.01198,2152.2672886345536,0.0007576178549163,1.072118826362169
222,2,200,20,inf,kron_alt,2,2,0.66,4.0,0.4,10,95840,0.01198,2125.8363109976053,0.0031985378891072,0.0491826173047218
223,3,200,20,inf,kron_alt,2,2,0.66,4.0,0.4,10,95840,0.01198,2145.5253473855555,0.0006815367662664,0.0497503844572142
224,4,200,20,inf,kron_alt,2,2,0.66,4.0,0.4,10,95840,0.01198,2160.808873143047,0.0015553236377,0.0702657135394881
225,5,200,20,inf,kron_alt,2,2,0.66,4.0,0.4,10,95840,0.01198,2128.824040338397,0.0001703510945073,0.0601427617599912
226,6,200,20,inf,kron_alt,2,2,0.66,4.0,0.4,10,95840,0.01198,2135.932767180726,6.268536433572899e-05,0.1095051776505042
227,7,200,20,inf,kron_alt,2,2,0.66,4.0,0.4,10,95840,0.01198,2138.4869279526174,0.0060039513953853,0.0429463287934356
228,8,200,20,inf,kron_alt,2,2,0.66,4.0,0.4,10,95840,0.01198,2116.500641496852,9.579269153077506e-05,0.0930760028529871
229,9,200,20,inf,kron_alt,2,2,0.66,4.0,0.4,10,95840,0.01198,2105.3237468898296,7.649760024134298e-05,0.0609903003465481
230,0,200,5,inf,kron_alt,2,2,0.66,4.0,0.84,10,51138,0.00639225,586.1884446088225,0.0005869161767655,1.2019570528459521e-08
231,1,200,5,inf,kron_alt,2,2,0.66,4.0,0.84,10,51140,0.0063925,565.729012221098,0.0001254239334366,2.2694502813281483e-08
232,2,200,5,inf,kron_alt,2,2,0.66,4.0,0.84,10,51134,0.00639175,563.8556246738881,8.075265952626475e-06,2.576801492452697e-08
233,3,200,5,inf,kron_alt,2,2,0.66,4.0,0.84,10,51134,0.00639175,559.4739290308207,2.0461437531773384e-05,1.960344032323912e-08
234,4,200,5,inf,kron_alt,2,2,0.66,4.0,0.84,10,51136,0.006392,585.2916670441628,7.5321554983240864e-06,1.8390858713091197e-08
235,5,200,5,inf,kron_alt,2,2,0.66,4.0,0.84,10,51141,0.006392625,593.9096140917391,6.489585641781101e-05,9.836146515706896e-09
236,6,200,5,inf,kron_alt,2,2,0.66,4.0,0.84,10,51131,0.006391375,596.9282234422863,0.0001153766974659,3.3683480238168776e-08
237,7,200,5,inf,kron_alt,2,2,0.66,4.0,0.84,10,51139,0.006392375,597.6240523587912,5.601634367483158e-05,3.2928445879177896e-08
238,8,200,5,inf,kron_alt,2,2,0.66,4.0,0.84,10,51139,0.006392375,572.5975573956966,0.000165139954167,1.0687761884461925e-08
239,9,200,5,inf,kron_alt,2,2,0.66,4.0,0.84,10,51138,0.00639225,572.7573043555021,3.002338321133859e-05,2.0079200244119003e-08
240,0,200,10,inf,kron_alt,2,2,0.66,4.0,0.35,10,47265,0.005908125,651.2713884487748,2.2077220941861885e-05,5.6836723499724245e-05
241,1,200,10,inf,kron_alt,2,2,0.66,4.0,0.35,10,47253,0.005906625,652.079537153244,0.000246164938019,9.9826793476281e-05
242,2,200,10,inf,kron_alt,2,2,0.66,4.0,0.35,10,47264,0.005908,654.4694819878787,0.0022504179027167,0.004743991593613
243,3,200,10,inf,kron_alt,2,2,0.66,4.0,0.35,10,47261,0.005907625,649.6159812361002,0.0005454515775036,0.0001823090666488
244,4,200,10,inf,kron_alt,2,2,0.66,4.0,0.35,10,47249,0.005906125,651.0241750925779,0.000324209449987,8.202654125071351e-05
245,5,200,10,inf,kron_alt,2,2,0.66,4.0,0.35,10,47261,0.005907625,652.4540859181434,0.0001790190286601,2.6280208589317408e-05
246,6,200,10,inf,kron_alt,2,2,0.66,4.0,0.35,10,47261,0.005907625,650.7394254803658,0.0001677459252285,0.0001237113770137
247,7,200,10,inf,kron_alt,2,2,0.66,4.0,0.35,10,47252,0.0059065,652.0934796519578,0.0001883432459582,3.892068104764069e-05
248,8,200,10,inf,kron_alt,2,2,0.66,4.0,0.35,10,47263,0.005907875,651.4668957591057,0.0004606211628972,4.71167849211423e-05
249,9,200,10,inf,kron_alt,2,2,0.66,4.0,0.35,10,47262,0.00590775,652.2221053168178,0.0001141438944576,0.0008946266786554
250,0,200,15,inf,kron_alt,2,2,0.66,4.0,0.4,10,79283,0.009910375,914.5915212146938,5.920042171081269e-05,0.0012471845166695
251,1,200,15,inf,kron_alt,2,2,0.66,4.0,0.4,10,79278,0.00990975,922.8843954578042,0.0003885523878939,0.0016197731792881
252,2,200,15,inf,kron_alt,2,2,0.66,4.0,0.4,10,79274,0.00990925,914.369785061106,0.0004304951918385,0.001070569691437
253,3,200,15,inf,kron_alt,2,2,0.66,4.0,0.4,10,79282,0.00991025,917.0293295606972,0.0001436322049327,0.0004657496465607
254,4,200,15,inf,kron_alt,2,2,0.66,4.0,0.4,10,79263,0.009907875,913.8416159749032,5.918305056530707e-05,0.0008274276233838
255,5,200,15,inf,kron_alt,2,2,0.66,4.0,0.4,10,79276,0.0099095,917.5144931916147,9.02009147493215e-05,0.0031108463064429
256,6,200,15,inf,kron_alt,2,2,0.66,4.0,0.4,10,79276,0.0099095,918.3643912356348,0.0003514968759062,0.0037001230846324
257,7,200,15,inf,kron_alt,2,2,0.66,4.0,0.4,10,79276,0.0099095,922.017483184114,0.0018306821045466,0.0002837561771286
258,8,200,15,inf,kron_alt,2,2,0.66,4.0,0.4,10,79288,0.009911,907.4820864591748,0.0007271399343794,0.002586625792929
259,9,200,15,inf,kron_alt,2,2,0.66,4.0,0.4,10,79273,0.009909125,927.7462793663144,7.941262669725112e-05,0.0012346717879253
260,0,200,10,inf,kron_alt,2,2,0.66,4.0,0.49,10,62960,0.00787,653.2547542583197,0.0001002054209026,1.6765718243024475e-06
261,1,200,10,inf,kron_alt,2,2,0.66,4.0,0.49,10,62961,0.007870125,654.8480017911643,0.0004486529711666,5.334765657310403e-07
262,2,200,10,inf,kron_alt,2,2,0.66,4.0,0.49,10,62962,0.00787025,654.1103747095913,0.000249185589186,1.2343009070556884e-06
263,3,200,10,inf,kron_alt,2,2,0.66,4.0,0.49,10,62967,0.007870875,652.2210518680513,8.182836497368015e-05,4.386699539523079e-05
264,4,200,10,inf,kron_alt,2,2,0.66,4.0,0.49,10,62971,0.007871375,652.5520844068378,2.156634124163266e-05,0.0001252427347314
265,5,200,10,inf,kron_alt,2,2,0.66,4.0,0.49,10,62954,0.00786925,655.4556738380343,3.595503870336085e-05,1.6985288330410617e-05
266,6,200,10,inf,kron_alt,2,2,0.66,4.0,0.49,10,62968,0.007871,656.6668725199997,4.194815057051932e-05,2.404687363715547e-06
267,7,200,10,inf,kron_alt,2,2,0.66,4.0,0.49,10,62975,0.007871875,654.8716017026454,2.944668388867565e-05,1.7147786223918942e-06
268,8,200,10,inf,kron_alt,2,2,0.66,4.0,0.49,10,62964,0.0078705,655.1254897024482,4.113000081578439e-05,9.809123311267824e-07
269,9,200,10,inf,kron_alt,2,2,0.66,4.0,0.49,10,62974,0.00787175,651.1726475115865,0.0012025209535497,1.2473983111246572e-06
270,0,200,15,inf,kron_alt,2,2,0.66,4.0,0.1,10,28810,0.00360125,935.4679938722402,0.0233496655153986,400.2341817450071
271,1,200,15,inf,kron_alt,2,2,0.66,4.0,0.1,10,28822,0.00360275,928.8191028814764,0.021984077218568,302.6471731711345
272,2,200,15,inf,kron_alt,2,2,0.66,4.0,0.1,10,28819,0.003602375,928.4485711157322,0.0326617669776085,124.03660823958992
273,3,200,15,inf,kron_alt,2,2,0.66,4.0,0.1,10,28818,0.00360225,927.7768291570246,0.0224243496897604,148.4061251646302
274,4,200,15,inf,kron_alt,2,2,0.66,4.0,0.1,10,28812,0.0036015,914.4188409876078,0.0140399875769976,2418.9005697860057
275,5,200,15,inf,kron_alt,2,2,0.66,4.0,0.1,10,28814,0.00360175,923.8943226486444,0.0351161322655157,208.05677563929348
276,6,200,15,inf,kron_alt,2,2,0.66,4.0,0.1,10,28822,0.00360275,930.7618881817908,0.0295627887778814,469.38561708336977
277,7,200,15,inf,kron_alt,2,2,0.66,4.0,0.1,10,28825,0.003603125,923.4934732522815,0.0211689973774646,454.410000771304
278,8,200,15,inf,kron_alt,2,2,0.66,4.0,0.1,10,28825,0.003603125,937.5949322823436,0.0751103388858607,284.6710628442149
279,9,200,15,inf,kron_alt,2,2,0.66,4.0,0.1,10,28819,0.003602375,920.872132671997,0.0124687443610643,45.55828218391054
280,0,200,5,inf,kron_alt,2,2,0.66,4.0,1.4,10,82562,0.01032025,464.1309768580832,0.0006781533898308,2.200627301895141e-10
281,1,200,5,inf,kron_alt,2,2,0.66,4.0,1.4,10,82562,0.01032025,449.89817194407806,9.640340070000228e-06,4.0367264746639457e-10
282,2,200,5,inf,kron_alt,2,2,0.66,4.0,1.4,10,82563,0.010320375,466.4060291186906,7.300666742925298e-05,2.0587596156629287e-10
283,3,200,5,inf,kron_alt,2,2,0.66,4.0,1.4,10,82563,0.010320375,456.5702575710602,2.17753909984704e-05,3.034392658545508e-10
284,4,200,5,inf,kron_alt,2,2,0.66,4.0,1.4,10,82562,0.01032025,472.9828631016426,0.0001190370722585,3.4770033089671137e-10
285,5,200,5,inf,kron_alt,2,2,0.66,4.0,1.4,10,82562,0.01032025,469.7659694841132,0.0002022795915412,2.2953502047636187e-10
286,6,200,5,inf,kron_alt,2,2,0.66,4.0,1.4,10,82562,0.01032025,463.6389775243588,2.8730566274173827e-05,2.647801539603132e-10
287,7,200,5,inf,kron_alt,2,2,0.66,4.0,1.4,10,82568,0.010321,467.2715854700655,9.65851415921284e-06,1.8734571646248329e-10
288,8,200,5,inf,kron_alt,2,2,0.66,4.0,1.4,10,82562,0.01032025,443.8155821431428,1.3944280547173352e-05,1.4744629573052438e-10
289,9,200,5,inf,kron_alt,2,2,0.66,4.0,1.4,10,82562,0.01032025,473.1073850747198,0.0002563712627373,1.6877382369295408e-10
290,0,200,15,inf,kron_alt,2,2,0.66,4.0,0.35,10,70872,0.008859,1538.907344592968,0.0006599946564029,0.0095385135579089
291,1,200,15,inf,kron_alt,2,2,0.66,4.0,0.35,10,70869,0.008858625,1530.7199202849297,8.954166824327758e-05,0.0068240089638328
292,2,200,15,inf,kron_alt,2,2,0.66,4.0,0.35,10,70855,0.008856875,1606.5451585529372,0.0023169966085699,0.0244946651218373
293,3,200,15,inf,kron_alt,2,2,0.66,4.0,0.35,10,70871,0.008858875,1573.7785022319297,0.0010076581086125,0.005962438539011
294,4,200,15,inf,kron_alt,2,2,0.66,4.0,0.35,10,70846,0.00885575,1606.578292546095,0.0002611817640725,0.0057865233442176
295,5,200,15,inf,kron_alt,2,2,0.66,4.0,0.35,10,70869,0.008858625,1548.7740774180274,0.0001397052466595,0.0120864497905786
296,6,200,15,inf,kron_alt,2,2,0.66,4.0,0.35,10,70860,0.0088575,1553.4007896169787,0.0001486291652979,0.0093646604534447
297,7,200,15,inf,kron_alt,2,2,0.66,4.0,0.35,10,70854,0.00885675,1558.2292610530276,0.0004034612746179,0.0063279979703497
298,8,200,15,inf,kron_alt,2,2,0.66,4.0,0.35,10,70869,0.008858625,1541.4542226000922,0.0001617502361398,0.0050532736649346
299,9,200,15,inf,kron_alt,2,2,0.66,4.0,0.35,10,70869,0.008858625,1543.269860425964,0.0046311017635644,0.0096044577004873
300,0,200,20,inf,kron_alt,2,2,0.66,4.0,0.035,10,23846,0.00298075,1512.944507881999,0.0644059804994446,8072.2163057477665
301,1,200,20,inf,kron_alt,2,2,0.66,4.0,0.035,10,23846,0.00298075,1527.7959672566503,0.0633866001307423,6839.556898438614
302,2,200,20,inf,kron_alt,2,2,0.66,4.0,0.035,10,23843,0.002980375,1524.2015732191503,0.071319398393358,15219.87968343304
303,3,200,20,inf,kron_alt,2,2,0.66,4.0,0.035,10,23841,0.002980125,1530.83826947771,0.1535091973255644,4143.270477291008
304,4,200,20,inf,kron_alt,2,2,0.66,4.0,0.035,10,23843,0.002980375,1554.8442989159375,0.1126191991786745,589325.607561762
305,5,200,20,inf,kron_alt,2,2,0.66,4.0,0.035,10,23843,0.002980375,1537.8703854717314,0.1217549568438635,2380.116774234252
306,6,200,20,inf,kron_alt,2,2,0.66,4.0,0.035,10,23837,0.002979625,1555.089172936976,0.0679975247540974,3025.375590386839
307,7,200,20,inf,kron_alt,2,2,0.66,4.0,0.035,10,23840,0.00298,1532.1196757853031,0.1459125731285906,4915.827562448898
308,8,200,20,inf,kron_alt,2,2,0.66,4.0,0.035,10,23844,0.0029805,1531.5509727802128,0.0464241267732062,4147.077142025251
309,9,200,20,inf,kron_alt,2,2,0.66,4.0,0.035,10,23853,0.002981625,1559.182352241129,0.0933136053340131,2874.18158696592
310,0,200,5,inf,kron_alt,2,2,0.66,4.0,0.42,10,27568,0.003446,524.738987442106,0.0001176053934043,8.268775251214701e-06
311,1,200,5,inf,kron_alt,2,2,0.66,4.0,0.42,10,27570,0.00344625,523.8022541310638,2.262966133785496e-05,8.780052264121278e-06
312,2,200,5,inf,kron_alt,2,2,0.66,4.0,0.42,10,27559,0.003444875,520.0042499992996,0.0002395456099446,1.16077194608376e-05
313,3,200,5,inf,kron_alt,2,2,0.66,4.0,0.42,10,27559,0.003444875,511.50043344311416,0.0001537806005053,9.359962138480904e-06
314,4,200,5,inf,kron_alt,2,2,0.66,4.0,0.42,10,27569,0.003446125,522.9723508059978,2.0804588898278777e-05,3.0759854348381816e-05
315,5,200,5,inf,kron_alt,2,2,0.66,4.0,0.42,10,27568,0.003446,523.8808666579425,0.0001816256907476,0.0201402972018138
316,6,200,5,inf,kron_alt,2,2,0.66,4.0,0.42,10,27568,0.003446,523.1653724592179,7.797721586427607e-05,4.810395965935414e-06
317,7,200,5,inf,kron_alt,2,2,0.66,4.0,0.42,10,27571,0.003446375,522.3320859428495,5.785258280237886e-05,5.032040736837912e-05
318,8,200,5,inf,kron_alt,2,2,0.66,4.0,0.42,10,27565,0.003445625,522.4009030181915,0.0002213650994679,9.70508724406422e-06
319,9,200,5,inf,kron_alt,2,2,0.66,4.0,0.42,10,27566,0.00344575,521.8689060863107,2.979507190680208e-05,0.0182809978477981
320,0,200,10,inf,kron_alt,2,2,0.66,4.0,0.28,10,39407,0.004925875,656.0759637989104,0.0020949150501949,0.0017516842263535
321,1,200,10,inf,kron_alt,2,2,0.66,4.0,0.28,10,39406,0.00492575,654.8858996219933,0.0001010233439445,0.0088124363137624
322,2,200,10,inf,kron_alt,2,2,0.66,4.0,0.28,10,39410,0.00492625,656.1705712974072,0.0001029276922408,0.0042068959932731
323,3,200,10,inf,kron_alt,2,2,0.66,4.0,0.28,10,39405,0.004925625,655.0253791473806,0.0002849256832327,0.0064214435195956
324,4,200,10,inf,kron_alt,2,2,0.66,4.0,0.28,10,39398,0.00492475,657.6636274214834,0.0012506975843156,0.0104689967411068
325,5,200,10,inf,kron_alt,2,2,0.66,4.0,0.28,10,39412,0.0049265,657.6934091001749,0.0042778502445819,0.0119961991685495
326,6,200,10,inf,kron_alt,2,2,0.66,4.0,0.28,10,39402,0.00492525,655.7281312849373,0.0006552986592598,0.0034243262511683
327,7,200,10,inf,kron_alt,2,2,0.66,4.0,0.28,10,39411,0.004926375,654.030893439427,0.0001532403841872,0.0006138281114069
328,8,200,10,inf,kron_alt,2,2,0.66,4.0,0.28,10,39397,0.004924625,654.8311490956694,0.0002283729933116,0.0215200243217793
329,9,200,10,inf,kron_alt,2,2,0.66,4.0,0.28,10,39415,0.004926875,654.6912160106003,0.0002887393700991,0.0110017096434449
330,0,200,20,inf,kron_alt,2,2,0.66,4.0,0.21,10,63089,0.007886125,1866.1262683812529,0.0012456921842479,6394.812238010163
331,1,200,20,inf,kron_alt,2,2,0.66,4.0,0.21,10,63055,0.007881875,1875.8155915085224,0.0009835057543859,876.4056526468191
332,2,200,20,inf,kron_alt,2,2,0.66,4.0,0.21,10,63074,0.00788425,1849.233572969213,0.0027539461413461,654.0138518447237
333,3,200,20,inf,kron_alt,2,2,0.66,4.0,0.21,10,63061,0.007882625,1819.2366075329485,0.0014582468910894,1642.5096359637205
334,4,200,20,inf,kron_alt,2,2,0.66,4.0,0.21,10,63071,0.007883875,1856.372913567349,0.0017151797531247,158.78291994743765
335,5,200,20,inf,kron_alt,2,2,0.66,4.0,0.21,10,63074,0.00788425,1836.0265824608505,0.0018559835376617,162.7115558235382
336,6,200,20,inf,kron_alt,2,2,0.66,4.0,0.21,10,63076,0.0078845,1872.8496931064876,0.0015758718385447,148.78293042700986
337,7,200,20,inf,kron_alt,2,2,0.66,4.0,0.21,10,63085,0.007885625,1839.0939797591416,0.0015651858239719,296.94453405526434
338,8,200,20,inf,kron_alt,2,2,0.66,4.0,0.21,10,63058,0.00788225,1864.5155434105543,0.0013745208481063,524.2466626322785
339,9,200,20,inf,kron_alt,2,2,0.66,4.0,0.21,10,63071,0.007883875,1846.076575398445,0.0016416879963766,371.548713071629
340,0,200,10,inf,kron_alt,2,2,0.66,4.0,0.14,10,23705,0.002963125,665.5183673109859,0.0556290321804039,1.4603765998563925
341,1,200,10,inf,kron_alt,2,2,0.66,4.0,0.14,10,23712,0.002964,668.4805547297001,0.0177961968486882,2.76673277066761
342,2,200,10,inf,kron_alt,2,2,0.66,4.0,0.14,10,23708,0.0029635,669.2108864597976,0.0089021327529624,4.567887868678943
343,3,200,10,inf,kron_alt,2,2,0.66,4.0,0.14,10,23704,0.002963,667.1431561168283,0.0137126805162159,9.894386272448196
344,4,200,10,inf,kron_alt,2,2,0.66,4.0,0.14,10,23706,0.00296325,664.3384477645159,0.0061878225846254,8.706228940865818
345,5,200,10,inf,kron_alt,2,2,0.66,4.0,0.14,10,23709,0.002963625,664.9934285990894,0.0095871687998217,8.157778804634013
346,6,200,10,inf,kron_alt,2,2,0.66,4.0,0.14,10,23705,0.002963125,665.5679198950529,0.0182210066027321,13.671436514494877
347,7,200,10,inf,kron_alt,2,2,0.66,4.0,0.14,10,23699,0.002962375,664.2190883848816,0.0121879862513952,5.217206157218439
348,8,200,10,inf,kron_alt,2,2,0.66,4.0,0.14,10,23699,0.002962375,664.8118778131902,0.0309443286758795,2.20177448885363
349,9,200,10,inf,kron_alt,2,2,0.66,4.0,0.14,10,23703,0.002962875,661.8564383666962,0.0131416809475901,73.73284830414742
350,0,200,5,inf,kron_alt,2,2,0.66,4.0,1.26,10,74707,0.009338375,503.59782143868506,0.0001820658371548,4.5124256659650546e-10
351,1,200,5,inf,kron_alt,2,2,0.66,4.0,1.26,10,74706,0.00933825,498.3711649365723,7.685929671096267e-06,3.0419747662140957e-10
352,2,200,5,inf,kron_alt,2,2,0.66,4.0,1.26,10,74704,0.009338,495.6421308796853,0.002040850111441,3.8476225560383227e-10
353,3,200,5,inf,kron_alt,2,2,0.66,4.0,1.26,10,74713,0.009339125,497.51008534245193,0.0001466605098347,5.026831979097036e-10
354,4,200,5,inf,kron_alt,2,2,0.66,4.0,1.26,10,74711,0.009338875,498.3776136040688,0.0004080951012758,5.374464981511141e-10
355,5,200,5,inf,kron_alt,2,2,0.66,4.0,1.26,10,74710,0.00933875,496.8935376871377,1.469705869707569e-05,1.8737945419104203e-09
356,6,200,5,inf,kron_alt,2,2,0.66,4.0,1.26,10,74703,0.009337875,494.7093257959932,0.0001034902923759,5.465804591154923e-10
357,7,200,5,inf,kron_alt,2,2,0.66,4.0,1.26,10,74709,0.009338625,504.9885994158685,0.0002701801962414,5.837482669164011e-09
358,8,200,5,inf,kron_alt,2,2,0.66,4.0,1.26,10,74707,0.009338375,503.2748189549893,2.19588398337416e-05,3.628351115678501e-10
359,9,200,5,inf,kron_alt,2,2,0.66,4.0,1.26,10,74704,0.009338,502.96600527875125,3.391710453949683e-05,5.712679316437741e-10
360,0,200,10,inf,kron_alt,2,2,0.66,4.0,0.63,10,78670,0.00983375,641.5759953726083,0.0001681190500551,6.639106160822647e-08
361,1,200,10,inf,kron_alt,2,2,0.66,4.0,0.63,10,78678,0.00983475,633.5340673793107,0.0003084211246825,5.594870426007177e-06
362,2,200,10,inf,kron_alt,2,2,0.66,4.0,0.63,10,78676,0.0098345,636.4856895394623,3.735225952696188e-05,6.157153288132895e-08
363,3,200,10,inf,kron_alt,2,2,0.66,4.0,0.63,10,78667,0.009833375,640.9757426530123,5.058163557593774e-05,8.656720080681448e-08
364,4,200,10,inf,kron_alt,2,2,0.66,4.0,0.63,10,78667,0.009833375,637.8620481174439,0.0002744080799512,7.665389463947309e-07
365,5,200,10,inf,kron_alt,2,2,0.66,4.0,0.63,10,78671,0.009833875,635.9425917360932,3.780982306687581e-05,1.3342047013783698e-07
366,6,200,10,inf,kron_alt,2,2,0.66,4.0,0.63,10,78671,0.009833875,638.698339920491,0.0001192339140124,2.47460934127847e-07
367,7,200,10,inf,kron_alt,2,2,0.66,4.0,0.63,10,78663,0.009832875,636.0277190506458,2.558065428991908e-05,9.415742004596689e-08
368,8,200,10,inf,kron_alt,2,2,0.66,4.0,0.63,10,78669,0.009833625,632.684881914407,5.370466755685303e-05,1.6273029305295314e-07
369,9,200,10,inf,kron_alt,2,2,0.66,4.0,0.63,10,78665,0.009833125,640.374559732154,2.765645897252481e-05,9.163241399614207e-08
370,0,200,10,inf,kron_alt,2,2,0.66,4.0,0.07,10,15849,0.001981125,688.459595438093,0.042479538083875,130.99397825071944
371,1,200,10,inf,kron_alt,2,2,0.66,4.0,0.07,10,15833,0.001979125,688.4743939954787,0.0695849465804562,272.672460063036
372,2,200,10,inf,kron_alt,2,2,0.66,4.0,0.07,10,15850,0.00198125,688.2885868716985,0.2584783688840257,353.54438190668725
373,3,200,10,inf,kron_alt,2,2,0.66,4.0,0.07,10,15852,0.0019815,684.8216466195881,0.0337559927199162,397.5307694983051
374,4,200,10,inf,kron_alt,2,2,0.66,4.0,0.07,10,15855,0.001981875,694.6289492864162,0.1036457550169356,1195.112165413222
375,5,200,10,inf,kron_alt,2,2,0.66,4.0,0.07,10,15856,0.001982,703.7969877533615,0.0398094369914266,27.94226866007701
376,6,200,10,inf,kron_alt,2,2,0.66,4.0,0.07,10,15855,0.001981875,707.0537833888084,0.0482234733453914,35.38752765650712
377,7,200,10,inf,kron_alt,2,2,0.66,4.0,0.07,10,15848,0.001981,684.6470665670931,0.150457239365978,210.2180564071373
378,8,200,10,inf,kron_alt,2,2,0.66,4.0,0.07,10,15851,0.001981375,684.3634578194469,0.1920366729249002,27.04548859962607
379,9,200,10,inf,kron_alt,2,2,0.66,4.0,0.07,10,15850,0.00198125,684.1883787214756,0.0662618157361274,1186.9901325192004
380,0,200,5,inf,kron_alt,2,2,0.66,4.0,0.28,10,19713,0.002464125,530.4836654216051,5.865137761386669e-05,0.0205506093480142
381,1,200,5,inf,kron_alt,2,2,0.66,4.0,0.28,10,19709,0.002463625,531.187218381092,0.0001758329199781,0.0178448246704455
382,2,200,5,inf,kron_alt,2,2,0.66,4.0,0.28,10,19705,0.002463125,530.675675066188,0.0002847946607176,0.0276572478380101
383,3,200,5,inf,kron_alt,2,2,0.66,4.0,0.28,10,19710,0.00246375,530.7460085563362,0.0007412625802439,0.0008200808283096
384,4,200,5,inf,kron_alt,2,2,0.66,4.0,0.28,10,19715,0.002464375,531.8947664666921,3.8172185269593415e-05,0.0216484297670803
385,5,200,5,inf,kron_alt,2,2,0.66,4.0,0.28,10,19713,0.002464125,530.7152182999998,0.0001371996449213,0.0185357945448023
386,6,200,5,inf,kron_alt,2,2,0.66,4.0,0.28,10,19706,0.00246325,532.5967342443764,0.0035188086917942,0.0002799513097363
387,7,200,5,inf,kron_alt,2,2,0.66,4.0,0.28,10,19713,0.002464125,533.4518447648734,8.697918930536021e-05,0.0217905113296091
388,8,200,5,inf,kron_alt,2,2,0.66,4.0,0.28,10,19712,0.002464,533.0747506078333,0.0013438772061398,0.0001881360366726
389,9,200,5,inf,kron_alt,2,2,0.66,4.0,0.28,10,19713,0.002464125,532.2289813198149,0.0006976622726314,0.0001948132576961
390,0,200,20,inf,kron_alt,2,2,0.66,4.0,0.175,10,55230,0.00690375,1615.3725176379085,0.001365846068418,2080.1512118605065
391,1,200,20,inf,kron_alt,2,2,0.66,4.0,0.175,10,55196,0.0068995,1600.4520266763866,0.0009508699705681,118.70777586287043
392,2,200,20,inf,kron_alt,2,2,0.66,4.0,0.175,10,55227,0.006903375,1674.320713672787,0.0014347471379094,678.1610582825149
393,3,200,20,inf,kron_alt,2,2,0.66,4.0,0.175,10,55235,0.006904375,1646.8284282200038,0.0020841335738418,757.0773571889141
394,4,200,20,inf,kron_alt,2,2,0.66,4.0,0.175,10,55233,0.006904125,1656.581196954474,0.0024542898109983,189.80441904583225
395,5,200,20,inf,kron_alt,2,2,0.66,4.0,0.175,10,55238,0.00690475,1616.8103509247303,0.0024056914267006,1843.0946399598608
396,6,200,20,inf,kron_alt,2,2,0.66,4.0,0.175,10,55222,0.00690275,1656.173030205071,0.0010428051177705,865.4852424514856
397,7,200,20,inf,kron_alt,2,2,0.66,4.0,0.175,10,55224,0.006903,1613.942459575832,0.0006275065026109,418.3391696164688
398,8,200,20,inf,kron_alt,2,2,0.66,4.0,0.175,10,55216,0.006902,1643.3607501797378,0.0054095310929906,138.64616743530152
399,9,200,20,inf,kron_alt,2,2,0.66,4.0,0.175,10,55224,0.006903,1643.596685776487,0.0022218441846279,252632.1878538728
400,0,200,10,inf,kron_alt,2,2,0.66,4.0,0.42,10,55113,0.006889125,651.459115833044,0.000599507651617,1.0695607615110224e-05
401,1,200,10,inf,kron_alt,2,2,0.66,4.0,0.42,10,55100,0.0068875,649.7024215757847,0.0016453642834277,8.831621202200745e-06
402,2,200,10,inf,kron_alt,2,2,0.66,4.0,0.42,10,55130,0.00689125,652.4266572911292,0.0002150200184733,1.219115748097604e-05
403,3,200,10,inf,kron_alt,2,2,0.66,4.0,0.42,10,55114,0.00688925,650.2463326025754,2.505544558124578e-05,7.846189023491194e-06
404,4,200,10,inf,kron_alt,2,2,0.66,4.0,0.42,10,55109,0.006888625,653.8829560242593,0.0001647249907024,5.860494168363536e-06
405,5,200,10,inf,kron_alt,2,2,0.66,4.0,0.42,10,55119,0.006889875,650.4822982084006,0.000238969589985,1.1725617871218918e-05
406,6,200,10,inf,kron_alt,2,2,0.66,4.0,0.42,10,55122,0.00689025,652.0750195533037,0.0001757315223105,6.7640223182956135e-06
407,7,200,10,inf,kron_alt,2,2,0.66,4.0,0.42,10,55118,0.00688975,653.3521952610463,0.0001471605707085,1.1072212814472782e-05
408,8,200,10,inf,kron_alt,2,2,0.66,4.0,0.42,10,55109,0.006888625,653.6421959195286,0.0002166670105789,7.280630551065375e-06
409,9,200,10,inf,kron_alt,2,2,0.66,4.0,0.42,10,55119,0.006889875,650.0775549132377,0.0002188664458972,1.8852961940548465e-05
