,trial,n,r,SNR,mode,slices,alpha,beta,delta,gamma,max_iter,time,rel_error_sandwich,matrix budget,total budget,revealed,rel_error_post_als,rel_error_just_als
0,0,200,5,10,sand_als,2,2,0.66,4.0,0.32,100,699.670717349276,0.0995024429347311,8983,21959,0.002744875,0.0072462621416488,0.0910688740440831
1,1,200,5,10,sand_als,2,2,0.66,4.0,0.32,100,696.5401873812079,0.0995053090001741,8983,21958,0.00274475,0.0066217136628664,0.0901914404176511
2,2,200,5,10,sand_als,2,2,0.66,4.0,0.32,100,701.9743532408029,0.099502324483761,8983,21962,0.00274525,0.0061664050812874,0.0869947479512189
3,3,200,5,10,sand_als,2,2,0.66,4.0,0.32,100,702.053778346628,0.0995061327746257,8983,21957,0.002744625,0.0065973813004849,0.0883664549084388
4,4,200,5,10,sand_als,2,2,0.66,4.0,0.32,100,704.6433713492006,0.0995103891497873,8983,21961,0.002745125,0.0069887381829725,0.0903289161230938
5,5,200,5,10,sand_als,2,2,0.66,4.0,0.32,100,701.2022885549814,0.0995080940729016,8983,21957,0.002744625,0.0067394351643601,0.0902682281811212
6,6,200,5,10,sand_als,2,2,0.66,4.0,0.32,100,698.0665716566145,0.099503558967026,8983,21952,0.002744,0.0053484310754001,0.0939092607797725
7,7,200,5,10,sand_als,2,2,0.66,4.0,0.32,100,692.4765257015824,0.0995096328635763,8983,21960,0.002745,0.0068230191101905,0.0943143636073077
8,8,200,5,10,sand_als,2,2,0.66,4.0,0.32,100,692.5188642144203,0.0995016293079506,8983,21952,0.002744,0.0065637502137926,0.0868664351298388
9,9,200,5,10,sand_als,2,2,0.66,4.0,0.32,100,695.0356018282473,0.0995048318216182,8983,21957,0.002744625,0.0064638631237664,0.0939623497324436
10,0,200,5,60,sand_als,2,2,0.66,4.0,0.32,100,654.9685002360493,0.0001138839706541,8983,21961,0.002745125,1.6817158340487896e-05,0.0898625512350526
11,1,200,5,60,sand_als,2,2,0.66,4.0,0.32,100,670.318729871884,8.692277130524539e-05,8983,21954,0.00274425,9.655703311552814e-06,0.0906536497098638
12,2,200,5,60,sand_als,2,2,0.66,4.0,0.32,100,678.384940776974,8.788518952737583e-05,8983,21960,0.002745,4.4753423391357154e-05,0.0909290989929431
13,3,200,5,60,sand_als,2,2,0.66,4.0,0.32,100,738.4493125583977,0.0006052550713689,8983,21951,0.002743875,0.0002351279284745,0.0885147034669924
14,4,200,5,60,sand_als,2,2,0.66,4.0,0.32,100,680.7690032105893,0.0004697769190203,8983,21959,0.002744875,7.008980933101377e-05,0.0860825119048167
15,5,200,5,60,sand_als,2,2,0.66,4.0,0.32,100,657.8159260060638,2.3352123010197923e-05,8983,21954,0.00274425,8.170582855236717e-06,0.0891498618153069
16,6,200,5,60,sand_als,2,2,0.66,4.0,0.32,100,660.1817610878497,0.0006421233446109,8983,21954,0.00274425,7.036125653959683e-05,0.0924410603121364
17,7,200,5,60,sand_als,2,2,0.66,4.0,0.32,100,720.9016330149025,3.527373117404338e-05,8983,21961,0.002745125,9.27726797615856e-06,0.0921806861262098
18,8,200,5,60,sand_als,2,2,0.66,4.0,0.32,100,777.4270843844861,0.0010322463660908,8983,21954,0.00274425,8.374180077846647e-05,0.0919015751640743
19,9,200,5,60,sand_als,2,2,0.66,4.0,0.32,100,739.4392598047853,3.93511860092252e-05,8983,21955,0.002744375,1.15684083376569e-05,0.0894710114339432
20,0,200,5,20,sand_als,2,2,0.66,4.0,0.32,100,695.4281078949571,0.0100003249019485,8983,21957,0.002744625,0.0006700566806779,0.0896775181287526
21,1,200,5,20,sand_als,2,2,0.66,4.0,0.32,100,693.6634709518403,0.010001509638083,8983,21949,0.002743625,0.0006950255624189,0.0878840454127252
22,2,200,5,20,sand_als,2,2,0.66,4.0,0.32,100,695.9308909531683,0.0099998377359156,8983,21955,0.002744375,0.0006746336271845,0.0919140933269715
23,3,200,5,20,sand_als,2,2,0.66,4.0,0.32,100,694.694590613246,0.0100016556756304,8983,21955,0.002744375,0.000590795875601,0.0886916630127183
24,4,200,5,20,sand_als,2,2,0.66,4.0,0.32,100,697.6363446451724,0.0099998077370641,8983,21951,0.002743875,0.0007341467394901,0.0923699615775357
25,5,200,5,20,sand_als,2,2,0.66,4.0,0.32,100,692.4292935095727,0.0099998949201587,8983,21952,0.002744,0.0007119937500964,0.0910243488147626
26,6,200,5,20,sand_als,2,2,0.66,4.0,0.32,100,695.613479103893,0.0099998567253263,8983,21956,0.0027445,0.0006281130836403,0.0888304659017441
27,7,200,5,20,sand_als,2,2,0.66,4.0,0.32,100,695.7473329491913,0.009999733530748,8983,21956,0.0027445,0.0006304892956226,0.0909579328762571
28,8,200,5,20,sand_als,2,2,0.66,4.0,0.32,100,695.3813916072249,0.0099995080563798,8983,21959,0.002744875,0.0007226518015351,0.0865672608292091
29,9,200,5,20,sand_als,2,2,0.66,4.0,0.32,100,695.4519180897623,0.0099995662864808,8983,21954,0.00274425,0.0006742094953188,0.0870636335354166
30,0,200,10,50,sand_als,2,2,0.66,4.0,0.32,100,579.3545549791306,0.0001201408012952,17966,43894,0.00548675,5.951541036367002e-05,0.0777249274917916
31,1,200,10,50,sand_als,2,2,0.66,4.0,0.32,100,531.1729008909315,9.165612090995875e-05,17966,43897,0.005487125,4.395014741362107e-05,0.0731313146882459
32,2,200,10,50,sand_als,2,2,0.66,4.0,0.32,100,583.0490050651133,0.0012394474445914,17966,43905,0.005488125,0.0002226147437866,0.0781679932263969
33,3,200,10,50,sand_als,2,2,0.66,4.0,0.32,100,584.3569305092096,0.000354204472089,17966,43897,0.005487125,9.532565396442391e-05,0.0765134086721921
34,4,200,10,50,sand_als,2,2,0.66,4.0,0.32,100,585.0351230856031,0.0002635231774322,17966,43900,0.0054875,6.997762572359514e-05,0.0765602502221932
35,5,200,10,50,sand_als,2,2,0.66,4.0,0.32,100,584.0374085046351,0.0005362073177054,17966,43893,0.005486625,0.0001582113024283,0.077620809702505
36,6,200,10,50,sand_als,2,2,0.66,4.0,0.32,100,583.482979234308,0.0003455171899228,17966,43894,0.00548675,7.090843408433653e-05,0.0748230139552587
37,7,200,10,50,sand_als,2,2,0.66,4.0,0.32,100,571.5206420328468,0.0001544856835385,17966,43887,0.005485875,4.517501793772664e-05,0.0768559316845897
38,8,200,10,50,sand_als,2,2,0.66,4.0,0.32,100,576.3634563162923,0.0001170020134808,17966,43903,0.005487875,6.856962961259833e-05,0.0756193076142693
39,9,200,10,50,sand_als,2,2,0.66,4.0,0.32,100,583.948134612292,0.0015141643049153,17966,43893,0.005486625,0.0004245274341964,0.0783100966896054
40,0,200,5,40,sand_als,2,2,0.66,4.0,0.32,100,639.7008065022528,0.0002640849849004,8983,21955,0.002744375,4.4396395970889405e-05,0.0904166488576031
41,1,200,5,40,sand_als,2,2,0.66,4.0,0.32,100,707.39148446545,0.0014505447890728,8983,21958,0.00274475,0.0002190877154576,0.0855621332314985
42,2,200,5,40,sand_als,2,2,0.66,4.0,0.32,100,635.8916026242077,0.0007005292010159,8983,21956,0.0027445,9.769270699457958e-05,0.0969249434613603
43,3,200,5,40,sand_als,2,2,0.66,4.0,0.32,100,644.8611308373511,0.0001021398233679,8983,21958,0.00274475,8.29346373017447e-06,0.0891042108244952
44,4,200,5,40,sand_als,2,2,0.66,4.0,0.32,100,621.7738367989659,0.0001099294929559,8983,21954,0.00274425,1.185756172291188e-05,0.089489138074851
45,5,200,5,40,sand_als,2,2,0.66,4.0,0.32,100,696.4942610580474,0.0028573644237218,8983,21957,0.002744625,0.0005129064367134,0.087505270500454
46,6,200,5,40,sand_als,2,2,0.66,4.0,0.32,100,627.7123609501868,0.000117187270704,8983,21956,0.0027445,5.562958074971626e-06,0.0938425433432821
47,7,200,5,40,sand_als,2,2,0.66,4.0,0.32,100,687.5978279728442,0.0002486554550852,8983,21952,0.002744,8.236114322753326e-05,0.0907666309118428
48,8,200,5,40,sand_als,2,2,0.66,4.0,0.32,100,694.3772781528533,0.0001153900948122,8983,21958,0.00274475,1.1724738265965132e-05,0.0920730523539204
49,9,200,5,40,sand_als,2,2,0.66,4.0,0.32,100,695.3880040571094,0.0001571069863193,8983,21957,0.002744625,2.2652431153318545e-05,0.0862904940275242
50,0,200,10,10,sand_als,2,2,0.66,4.0,0.32,100,802.0697404909879,0.0995059740040331,17966,43901,0.005487625,0.0116697444938851,0.0806059172765122
51,1,200,10,10,sand_als,2,2,0.66,4.0,0.32,100,797.2330297697335,0.0995029686342025,17966,43896,0.005487,0.0123616340092554,0.0813600898174032
52,2,200,10,10,sand_als,2,2,0.66,4.0,0.32,100,798.0474488418549,0.099504595513,17966,43892,0.0054865,0.0124741648248253,0.0746812870946624
53,3,200,10,10,sand_als,2,2,0.66,4.0,0.32,100,800.2942217160016,0.0995107885472086,17966,43893,0.005486625,0.0118656158178008,0.0863942793192018
54,4,200,10,10,sand_als,2,2,0.66,4.0,0.32,100,799.0981399044394,0.0994985897679204,17966,43905,0.005488125,0.0125201896298694,0.0836164280147861
55,5,200,10,10,sand_als,2,2,0.66,4.0,0.32,100,742.5169652886689,0.0995002306803317,17966,43891,0.005486375,0.0128019424377226,0.0820453088838084
56,6,200,10,10,sand_als,2,2,0.66,4.0,0.32,100,740.5418032836169,0.0995037274151413,17966,43898,0.00548725,0.0116451705205252,0.0758577751178678
57,7,200,10,10,sand_als,2,2,0.66,4.0,0.32,100,744.467546671629,0.0995003227930907,17966,43904,0.005488,0.0121572810117276,0.0765757644063867
58,8,200,10,10,sand_als,2,2,0.66,4.0,0.32,100,740.6816507205367,0.0995118565200031,17966,43897,0.005487125,0.0117637542225537,0.0831465184555512
59,9,200,10,10,sand_als,2,2,0.66,4.0,0.32,100,741.5183096341789,0.0995084146971863,17966,43896,0.005487,0.0122583134561915,0.0766423617349571
60,0,200,20,60,sand_als,2,2,0.66,4.0,0.32,100,693.0121483430266,0.0003476425875779,35932,87727,0.010965875,6.84628736076032e-05,0.0568713187989383
61,1,200,20,60,sand_als,2,2,0.66,4.0,0.32,100,660.4754158798605,0.0001541897511366,35932,87723,0.010965375,4.937578841371856e-05,0.0559736906825367
62,2,200,20,60,sand_als,2,2,0.66,4.0,0.32,100,690.4076979812235,0.0022750421174125,35932,87720,0.010965,0.0007294007046816,0.0516724795039355
63,3,200,20,60,sand_als,2,2,0.66,4.0,0.32,100,633.3327050991356,5.787325872151837e-05,35932,87718,0.01096475,2.7613888690158665e-05,0.0562918560663856
64,4,200,20,60,sand_als,2,2,0.66,4.0,0.32,100,690.2802479993552,0.0004234957020745,35932,87728,0.010966,0.0001083792792975,0.0489909658406057
65,5,200,20,60,sand_als,2,2,0.66,4.0,0.32,100,695.8047098442912,0.0003942512638126,35932,87719,0.010964875,0.0001211528836169,0.051712614377591
66,6,200,20,60,sand_als,2,2,0.66,4.0,0.32,100,577.6707169339061,2.865509508244156e-05,35932,87724,0.0109655,9.438495366696056e-06,0.0552735870641573
67,7,200,20,60,sand_als,2,2,0.66,4.0,0.32,100,693.1682201102376,8.830621214123946e-05,35932,87721,0.010965125,4.214310204406003e-05,0.0492607534108501
68,8,200,20,60,sand_als,2,2,0.66,4.0,0.32,100,691.1350802928209,0.0002232098598468,35932,87720,0.010965,0.0001410234981542,0.0529897652659246
69,9,200,20,60,sand_als,2,2,0.66,4.0,0.32,100,694.7144233509898,0.000292129174509,35932,87721,0.010965125,0.0001354432947699,0.0536688446783692
70,0,200,20,40,sand_als,2,2,0.66,4.0,0.32,100,696.9008753672242,0.0002434226172978,35932,87712,0.010964,0.0001316673784734,0.0564042672159164
71,1,200,20,40,sand_als,2,2,0.66,4.0,0.32,100,623.1083610281348,0.0003223245857589,35932,87727,0.010965875,5.828857079482046e-05,0.0549225661662939
72,2,200,20,40,sand_als,2,2,0.66,4.0,0.32,100,587.1815574578941,0.0001921879784472,35932,87725,0.010965625,2.5382903530451573e-05,0.0525532834242522
73,3,200,20,40,sand_als,2,2,0.66,4.0,0.32,100,691.7993318680674,0.0011630316897085,35932,87731,0.010966375,0.0004591917623273,0.0602774933414213
74,4,200,20,40,sand_als,2,2,0.66,4.0,0.32,100,591.3834520112723,0.0001497436770537,35932,87716,0.0109645,3.347962593796646e-05,0.0497034459386854
75,5,200,20,40,sand_als,2,2,0.66,4.0,0.32,100,696.5263754911721,0.0004337750948745,35932,87731,0.010966375,0.0001109524487648,0.0552005005512986
76,6,200,20,40,sand_als,2,2,0.66,4.0,0.32,100,693.661742279306,0.0015362194666347,35932,87725,0.010965625,0.001208184645309,0.0479034733502593
77,7,200,20,40,sand_als,2,2,0.66,4.0,0.32,100,627.7333033476025,0.0003315131039937,35932,87725,0.010965625,7.344033726281527e-05,0.0598923297064477
78,8,200,20,40,sand_als,2,2,0.66,4.0,0.32,100,636.7455890718848,0.0002950954610281,35932,87727,0.010965875,5.7073512287998135e-05,0.0577454203023132
79,9,200,20,40,sand_als,2,2,0.66,4.0,0.32,100,698.1200699899346,0.0009425945331401,35932,87719,0.010964875,0.0007210218126646,0.0550315676282054
80,0,200,15,10,sand_als,2,2,0.66,4.0,0.32,100,707.3859109170735,0.0995127510546857,26949,65817,0.008227125,0.0155878147615221,0.0642446144396244
81,1,200,15,10,sand_als,2,2,0.66,4.0,0.32,100,710.3156451061368,0.0995079580339837,26949,65818,0.00822725,0.0154107352472352,0.0683310697804971
82,2,200,15,10,sand_als,2,2,0.66,4.0,0.32,100,709.9900492597371,0.0995002999486609,26949,65801,0.008225125,0.0148084447690903,0.0670582890497603
83,3,200,15,10,sand_als,2,2,0.66,4.0,0.32,100,702.5590268298984,0.0995063511820522,26949,65806,0.00822575,0.0165607300566749,0.0686375786523816
84,4,200,15,10,sand_als,2,2,0.66,4.0,0.32,100,704.95132451877,0.099506003030438,26949,65831,0.008228875,0.0163711281868773,0.0723847320891347
85,5,200,15,10,sand_als,2,2,0.66,4.0,0.32,100,703.0731912702322,0.0995081559821734,26949,65804,0.0082255,0.0154671225328971,0.0640598825548834
86,6,200,15,10,sand_als,2,2,0.66,4.0,0.32,100,699.3763862568885,0.0995019016835821,26949,65805,0.008225625,0.0158234153463864,0.0647274160330578
87,7,200,15,10,sand_als,2,2,0.66,4.0,0.32,100,702.6394766196609,0.0995017136148257,26949,65808,0.008226,0.0160281418068418,0.073476745929473
88,8,200,15,10,sand_als,2,2,0.66,4.0,0.32,100,701.0762569550425,0.0995036703317404,26949,65822,0.00822775,0.0145334744849284,0.0667768726165342
89,9,200,15,10,sand_als,2,2,0.66,4.0,0.32,100,704.1525561083108,0.0995044962340077,26949,65815,0.008226875,0.0152468530089555,0.0661455861140893
90,0,200,10,60,sand_als,2,2,0.66,4.0,0.32,100,672.8641806952655,0.0001269568344062,17966,43896,0.005487,4.419669845635429e-05,0.077268496856582
91,1,200,10,60,sand_als,2,2,0.66,4.0,0.32,100,710.8042205870152,0.0002359310740968,17966,43904,0.005488,0.0001147987110668,0.0814841312679542
92,2,200,10,60,sand_als,2,2,0.66,4.0,0.32,100,656.5499562490731,6.688869617555747e-05,17966,43898,0.00548725,3.253471051616926e-05,0.0732065899568364
93,3,200,10,60,sand_als,2,2,0.66,4.0,0.32,100,745.1864248197526,0.0040877576691467,17966,43899,0.005487375,0.0004386978846609,0.0744887188730648
94,4,200,10,60,sand_als,2,2,0.66,4.0,0.32,100,670.0833331085742,0.0002372898831975,17966,43895,0.005486875,2.736309600318196e-05,0.0832899457896091
95,5,200,10,60,sand_als,2,2,0.66,4.0,0.32,100,709.5848291162401,0.0001356363872162,17966,43905,0.005488125,4.180986919402849e-05,0.0747762614050656
96,6,200,10,60,sand_als,2,2,0.66,4.0,0.32,100,654.7850884497166,0.0001432188412043,17966,43892,0.0054865,3.380116879045166e-05,0.0779827528252839
97,7,200,10,60,sand_als,2,2,0.66,4.0,0.32,100,698.0583325643092,0.000156837144989,17966,43905,0.005488125,3.4373594846370075e-05,0.0754524892433815
98,8,200,10,60,sand_als,2,2,0.66,4.0,0.32,100,767.799203760922,9.569674525510578e-05,17966,43896,0.005487,2.552469873891849e-05,0.0801909857232242
99,9,200,10,60,sand_als,2,2,0.66,4.0,0.32,100,731.4825198575854,3.2749718898750684e-05,17966,43906,0.00548825,1.488697869650572e-05,0.0758912789461662
100,0,200,15,60,sand_als,2,2,0.66,4.0,0.32,100,815.657698251307,0.0008446080311673,26949,65818,0.00822725,0.0004263099624175,0.0640421801244745
101,1,200,15,60,sand_als,2,2,0.66,4.0,0.32,100,789.1765168923885,0.0001137501120401,26949,65796,0.0082245,7.041023779880654e-05,0.0642346227835905
102,2,200,15,60,sand_als,2,2,0.66,4.0,0.32,100,793.8688486143947,0.000613920828262,26949,65808,0.008226,0.0002122131316644,0.0649568397132163
103,3,200,15,60,sand_als,2,2,0.66,4.0,0.32,100,725.7170547880232,0.0001358068065796,26949,65822,0.00822775,2.5683269444785607e-05,0.0637599760317429
104,4,200,15,60,sand_als,2,2,0.66,4.0,0.32,100,703.3385186437517,4.979390600667973e-05,26949,65825,0.008228125,2.3469980264224287e-05,0.0635944712311786
105,5,200,15,60,sand_als,2,2,0.66,4.0,0.32,100,796.4575053751469,0.0002859743358788,26949,65825,0.008228125,0.0001003302812214,0.0613484345473087
106,6,200,15,60,sand_als,2,2,0.66,4.0,0.32,100,867.9312402363867,0.0001145273443123,26949,65801,0.008225125,4.545504870346471e-05,0.0628860800549334
107,7,200,15,60,sand_als,2,2,0.66,4.0,0.32,100,886.1395848821849,0.0008842913605824,26949,65814,0.00822675,0.0003539111587804,0.0606357706736164
108,8,200,15,60,sand_als,2,2,0.66,4.0,0.32,100,790.1130873616785,5.3470851363014376e-05,26949,65823,0.008227875,1.868678038043592e-05,0.0636871494964973
109,9,200,15,60,sand_als,2,2,0.66,4.0,0.32,100,809.1084033101797,0.0001470215593382,26949,65812,0.0082265,2.739751054923962e-05,0.0574984201197811
110,0,200,10,30,sand_als,2,2,0.66,4.0,0.32,100,594.3341251350939,0.001568022628283,17966,43899,0.005487375,0.0006043521574278,0.0757305251558911
111,1,200,10,30,sand_als,2,2,0.66,4.0,0.32,100,586.6037663724273,0.0010895657632311,17966,43894,0.00548675,0.0001196404500436,0.0796555263423978
112,2,200,10,30,sand_als,2,2,0.66,4.0,0.32,100,590.0746174156666,0.0010118735334932,17966,43895,0.005486875,0.000119612997724,0.0793466606084662
113,3,200,10,30,sand_als,2,2,0.66,4.0,0.32,100,592.3240021895617,0.0014213468184664,17966,43897,0.005487125,0.0001982043492709,0.0714724043004095
114,4,200,10,30,sand_als,2,2,0.66,4.0,0.32,100,586.2333836238831,0.0010049277851855,17966,43899,0.005487375,0.0001124183592037,0.0745502591855366
115,5,200,10,30,sand_als,2,2,0.66,4.0,0.32,100,591.7548402715474,0.0015587944869626,17966,43902,0.00548775,0.0002966043683734,0.0724583211138544
116,6,200,10,30,sand_als,2,2,0.66,4.0,0.32,100,593.0043963044882,0.001000407910219,17966,43901,0.005487625,0.0001222297450162,0.0778596864733569
117,7,200,10,30,sand_als,2,2,0.66,4.0,0.32,100,580.4851622227579,0.001005495673295,17966,43896,0.005487,0.0001013472332224,0.075160278402346
118,8,200,10,30,sand_als,2,2,0.66,4.0,0.32,100,590.9028893429786,0.0010016458278032,17966,43890,0.00548625,0.0001140855862501,0.0778717611570439
119,9,200,10,30,sand_als,2,2,0.66,4.0,0.32,100,572.3809407521039,0.001017831602925,17966,43887,0.005485875,0.000105754499713,0.0744796615185508
120,0,200,10,20,sand_als,2,2,0.66,4.0,0.32,100,751.3206946160644,0.010007849362392,17966,43900,0.0054875,0.0010902175206993,0.0749255791242613
121,1,200,10,20,sand_als,2,2,0.66,4.0,0.32,100,737.9229048844427,0.0100229751466907,17966,43886,0.00548575,0.0010673726036727,0.0724967793073998
122,2,200,10,20,sand_als,2,2,0.66,4.0,0.32,100,737.7625208888203,0.0099995254199035,17966,43893,0.005486625,0.0011079138794887,0.0818412257891975
123,3,200,10,20,sand_als,2,2,0.66,4.0,0.32,100,739.098770160228,0.0100002086292989,17966,43903,0.005487875,0.0011392050525503,0.0702114636483366
124,4,200,10,20,sand_als,2,2,0.66,4.0,0.32,100,739.1625963039696,0.0100000692058688,17966,43884,0.0054855,0.0011041243967436,0.0750808673379093
125,5,200,10,20,sand_als,2,2,0.66,4.0,0.32,100,741.9172130059451,0.0100123253701775,17966,43891,0.005486375,0.0010457279735715,0.077747478647229
126,6,200,10,20,sand_als,2,2,0.66,4.0,0.32,100,741.3211518637836,0.0100037662925649,17966,43893,0.005486625,0.0012096988883414,0.0815983977065648
127,7,200,10,20,sand_als,2,2,0.66,4.0,0.32,100,739.67622278817,0.0099997709036919,17966,43892,0.0054865,0.0011551737567802,0.0768944723520887
128,8,200,10,20,sand_als,2,2,0.66,4.0,0.32,100,741.0839581601322,0.0099996613739546,17966,43899,0.005487375,0.0011177591026971,0.0787293618666106
129,9,200,10,20,sand_als,2,2,0.66,4.0,0.32,100,738.4620899520814,0.0100019918112184,17966,43898,0.00548725,0.0011953229099236,0.0763346618429437
130,0,200,20,30,sand_als,2,2,0.66,4.0,0.32,100,691.6055777799338,0.0010138320137723,35932,87715,0.010964375,0.0001861053736877,0.0549142346702192
131,1,200,20,30,sand_als,2,2,0.66,4.0,0.32,100,694.3605430684984,0.0019745973209707,35932,87727,0.010965875,0.0002639728174583,0.0535818361059549
132,2,200,20,30,sand_als,2,2,0.66,4.0,0.32,100,687.7497185263783,0.0010231259174946,35932,87713,0.010964125,0.000191182921574,0.0570681421829819
133,3,200,20,30,sand_als,2,2,0.66,4.0,0.32,100,690.8776679281145,0.0011537639837037,35932,87711,0.010963875,0.0002324636976969,0.0510637200755002
134,4,200,20,30,sand_als,2,2,0.66,4.0,0.32,100,696.5549809876829,0.0010168066248044,35932,87723,0.010965375,0.0001981870970626,0.0525612614177264
135,5,200,20,30,sand_als,2,2,0.66,4.0,0.32,100,695.282091293484,0.001007894666582,35932,87723,0.010965375,0.0001858340638959,0.0536126115894314
136,6,200,20,30,sand_als,2,2,0.66,4.0,0.32,100,693.0749609638005,0.0013889055803201,35932,87728,0.010966,0.000288405956543,0.0521897717108425
137,7,200,20,30,sand_als,2,2,0.66,4.0,0.32,100,691.5611601490527,0.0012108039709436,35932,87718,0.01096475,0.0003316293053986,0.0519926974037588
138,8,200,20,30,sand_als,2,2,0.66,4.0,0.32,100,687.7464354280382,0.0011361688101856,35932,87723,0.010965375,0.0002613521984081,0.056832959960754
139,9,200,20,30,sand_als,2,2,0.66,4.0,0.32,100,693.961294490844,0.0010027622514265,35932,87718,0.01096475,0.0001823223820541,0.0555502383178806
140,0,200,15,30,sand_als,2,2,0.66,4.0,0.32,100,723.6875989045948,0.0011938300632036,26949,65804,0.0082255,0.0001983816221879,0.0612127043805942
141,1,200,15,30,sand_als,2,2,0.66,4.0,0.32,100,727.2017190121114,0.0010042913107649,26949,65814,0.00822675,0.0001561466413263,0.0626382285525447
142,2,200,15,30,sand_als,2,2,0.66,4.0,0.32,100,713.6963576637208,0.0010184734367245,26949,65814,0.00822675,0.0001739532905913,0.0609985596528863
143,3,200,15,30,sand_als,2,2,0.66,4.0,0.32,100,715.7344280127436,0.0010155328616006,26949,65817,0.008227125,0.0001540884230357,0.0645347693678365
144,4,200,15,30,sand_als,2,2,0.66,4.0,0.32,100,721.5248838867992,0.0010773531571266,26949,65830,0.00822875,0.0002023309208825,0.0634760298481642
145,5,200,15,30,sand_als,2,2,0.66,4.0,0.32,100,720.1089400909841,0.0010123029511517,26949,65809,0.008226125,0.0001753936654456,0.0592282870150745
146,6,200,15,30,sand_als,2,2,0.66,4.0,0.32,100,719.2472255825996,0.0010877717290097,26949,65809,0.008226125,0.0001688807184844,0.063410632812797
147,7,200,15,30,sand_als,2,2,0.66,4.0,0.32,100,718.7728012446314,0.0011625394238168,26949,65809,0.008226125,0.0001698095334295,0.0617076391222367
148,8,200,15,30,sand_als,2,2,0.66,4.0,0.32,100,716.7406524047256,0.0029998254584905,26949,65810,0.00822625,0.0004677879546887,0.059947850581399
149,9,200,15,30,sand_als,2,2,0.66,4.0,0.32,100,702.7507904525846,0.0010266735737272,26949,65818,0.00822725,0.0001582804125822,0.0609956234923425
150,0,200,20,50,sand_als,2,2,0.66,4.0,0.32,100,619.7737605459988,0.0001215529362041,35932,87724,0.0109655,2.8587710057107047e-05,0.0521066781690827
151,1,200,20,50,sand_als,2,2,0.66,4.0,0.32,100,687.8005478978157,0.0016567936308855,35932,87730,0.01096625,0.0006981283330982,0.0522570124946017
152,2,200,20,50,sand_als,2,2,0.66,4.0,0.32,100,633.7415555398911,0.0001779929035076,35932,87731,0.010966375,3.352742987565106e-05,0.0581782879370291
153,3,200,20,50,sand_als,2,2,0.66,4.0,0.32,100,670.2405133396387,0.0002219818783252,35932,87705,0.010963125,5.127842873856397e-05,0.0563709289328735
154,4,200,20,50,sand_als,2,2,0.66,4.0,0.32,100,691.493119282648,0.0004407767291532,35932,87706,0.01096325,0.0001596040586011,0.0506642999682184
155,5,200,20,50,sand_als,2,2,0.66,4.0,0.32,100,684.2294221073389,0.0001827397816025,35932,87737,0.010967125,9.641943831025944e-05,0.0521687327733064
156,6,200,20,50,sand_als,2,2,0.66,4.0,0.32,100,641.5998438429087,8.418080555590956e-05,35932,87729,0.010966125,2.6412467506286475e-05,0.0480094124985376
157,7,200,20,50,sand_als,2,2,0.66,4.0,0.32,100,677.5652187541127,0.0004555306872463,35932,87729,0.010966125,8.26983306467214e-05,0.0543680020447118
158,8,200,20,50,sand_als,2,2,0.66,4.0,0.32,100,683.8943362273276,0.0022645135786471,35932,87719,0.010964875,0.0006979624263723,0.059229870208521
159,9,200,20,50,sand_als,2,2,0.66,4.0,0.32,100,633.8202487044036,7.628450269627533e-05,35932,87714,0.01096425,4.651753961603151e-05,0.056532283730766
160,0,200,20,10,sand_als,2,2,0.66,4.0,0.32,100,804.5635836160509,0.0995064047078878,35932,87717,0.010964625,0.0169312910485168,0.060684634575131
161,1,200,20,10,sand_als,2,2,0.66,4.0,0.32,100,797.951947172056,0.0995007273791613,35932,87706,0.01096325,0.0180890470414704,0.0639297974728372
162,2,200,20,10,sand_als,2,2,0.66,4.0,0.32,100,787.6614350260934,0.0995067178808065,35932,87729,0.010966125,0.0177403144154587,0.0638885118995099
163,3,200,20,10,sand_als,2,2,0.66,4.0,0.32,100,793.0578082449501,0.099503013932343,35932,87721,0.010965125,0.0178730456354219,0.0612725428730977
164,4,200,20,10,sand_als,2,2,0.66,4.0,0.32,100,797.5561517499154,0.0994974835799765,35932,87728,0.010966,0.0180747545989206,0.0637638656773346
165,5,200,20,10,sand_als,2,2,0.66,4.0,0.32,100,800.9415938460734,0.0994975247075898,35932,87714,0.01096425,0.0178279092735315,0.0642653077555311
166,6,200,20,10,sand_als,2,2,0.66,4.0,0.32,100,786.9173593699234,0.1000340857587445,35932,87732,0.0109665,0.0174038444927363,0.0628737739355543
167,7,200,20,10,sand_als,2,2,0.66,4.0,0.32,100,791.5880948340055,0.099503376607248,35932,87730,0.01096625,0.0169230472342451,0.0611011367746395
168,8,200,20,10,sand_als,2,2,0.66,4.0,0.32,100,789.7764662220143,0.0995107796716197,35932,87710,0.01096375,0.0173768760221574,0.0595263195578077
169,9,200,20,10,sand_als,2,2,0.66,4.0,0.32,100,781.7763942088932,0.0995082254030677,35932,87723,0.010965375,0.0182812065901196,0.0615618724038051
170,0,200,20,20,sand_als,2,2,0.66,4.0,0.32,100,701.2810372877866,0.0099997794557534,35932,87725,0.010965625,0.0019141750359206,0.0583309933250544
171,1,200,20,20,sand_als,2,2,0.66,4.0,0.32,100,702.514372523874,0.0100411258864587,35932,87726,0.01096575,0.0017382024160963,0.0483104724134396
172,2,200,20,20,sand_als,2,2,0.66,4.0,0.32,100,704.427461495623,0.0100001730218619,35932,87709,0.010963625,0.001748783373848,0.0535012845447859
173,3,200,20,20,sand_als,2,2,0.66,4.0,0.32,100,704.4188140295446,0.0100124895731788,35932,87737,0.010967125,0.0017678693576472,0.0562284150628426
174,4,200,20,20,sand_als,2,2,0.66,4.0,0.32,100,705.1917085424066,0.0100004550487017,35932,87715,0.010964375,0.0018424705426948,0.0544523698173347
175,5,200,20,20,sand_als,2,2,0.66,4.0,0.32,100,701.7702103015035,0.010016668216995,35932,87722,0.01096525,0.0019155676049037,0.0551004717151707
176,6,200,20,20,sand_als,2,2,0.66,4.0,0.32,100,701.7427605744451,0.0099997854163413,35932,87726,0.01096575,0.001785959894469,0.052045073016082
177,7,200,20,20,sand_als,2,2,0.66,4.0,0.32,100,700.474576972425,0.0100012501880831,35932,87732,0.0109665,0.001834311466633,0.0540041081687766
178,8,200,20,20,sand_als,2,2,0.66,4.0,0.32,100,700.9279557038099,0.010001296936709,35932,87730,0.01096625,0.0017730958989523,0.05397263689916
179,9,200,20,20,sand_als,2,2,0.66,4.0,0.32,100,703.5868968069553,0.0100041459404235,35932,87707,0.010963375,0.0019639620454121,0.0540031082857812
180,0,200,5,50,sand_als,2,2,0.66,4.0,0.32,100,568.2107969485223,0.0002353938940279,8983,21959,0.002744875,0.0001349784873671,0.0930193974358872
181,1,200,5,50,sand_als,2,2,0.66,4.0,0.32,100,567.9047401919961,0.000169401414472,8983,21960,0.002745,2.423762074984001e-05,0.0924855777279478
182,2,200,5,50,sand_als,2,2,0.66,4.0,0.32,100,565.1482025440782,6.238815013872854e-05,8983,21959,0.002744875,8.77658763684347e-06,0.0901555159650737
183,3,200,5,50,sand_als,2,2,0.66,4.0,0.32,100,568.5745708439499,0.0004048101521266,8983,21958,0.00274475,4.883867549609604e-05,0.0917909921158695
184,4,200,5,50,sand_als,2,2,0.66,4.0,0.32,100,565.03452507779,8.923543683714546e-05,8983,21959,0.002744875,2.567524498738883e-05,0.0834875448984933
185,5,200,5,50,sand_als,2,2,0.66,4.0,0.32,100,575.3513902593404,0.0001084936167117,8983,21957,0.002744625,6.160474126368942e-05,0.0896405273862
186,6,200,5,50,sand_als,2,2,0.66,4.0,0.32,100,616.8437870647758,0.0003256966222665,8983,21956,0.0027445,0.0002010522997279,0.0888384726118882
187,7,200,5,50,sand_als,2,2,0.66,4.0,0.32,100,564.7290014158934,0.0002309122376288,8983,21957,0.002744625,1.331616366182989e-05,0.0896337121192654
188,8,200,5,50,sand_als,2,2,0.66,4.0,0.32,100,617.8511475268751,0.0005995177132203,8983,21957,0.002744625,0.000405081038528,0.0945213128475021
189,9,200,5,50,sand_als,2,2,0.66,4.0,0.32,100,561.5539629328996,6.495267283179062e-05,8983,21952,0.002744,1.4128068278545248e-05,0.0887336796781131
190,0,200,15,50,sand_als,2,2,0.66,4.0,0.32,100,764.6256124274805,0.0023693745579251,26949,65817,0.008227125,0.0013598811189394,0.0619953092176016
191,1,200,15,50,sand_als,2,2,0.66,4.0,0.32,100,765.3240918992087,0.0020553996323252,26949,65811,0.008226375,0.0004489061184341,0.0587532252595821
192,2,200,15,50,sand_als,2,2,0.66,4.0,0.32,100,756.5529808271676,0.0002545969559195,26949,65819,0.008227375,7.013247206079022e-05,0.0623309156759772
193,3,200,15,50,sand_als,2,2,0.66,4.0,0.32,100,715.3943589860573,8.051437146588631e-05,26949,65819,0.008227375,3.040779672446444e-05,0.0624118319671829
194,4,200,15,50,sand_als,2,2,0.66,4.0,0.32,100,769.2637721626088,0.0001390093009304,26949,65812,0.0082265,7.616176297908775e-05,0.0676896194085732
195,5,200,15,50,sand_als,2,2,0.66,4.0,0.32,100,770.7349985586479,0.0078942165529211,26949,65815,0.008226875,0.0010886262328532,0.0615069209033353
196,6,200,15,50,sand_als,2,2,0.66,4.0,0.32,100,747.3232242260128,0.0002049852899202,26949,65806,0.00822575,5.2978545888911046e-05,0.0616562862090038
197,7,200,15,50,sand_als,2,2,0.66,4.0,0.32,100,734.2244346542284,0.0002852927106874,26949,65824,0.008228,7.220565988843042e-05,0.061502507236602
198,8,200,15,50,sand_als,2,2,0.66,4.0,0.32,100,786.6617314824834,0.0007949939212851,26949,65813,0.008226625,0.000371809361618,0.0652979391018739
199,9,200,15,50,sand_als,2,2,0.66,4.0,0.32,100,778.9085907666013,0.0005517990209851,26949,65810,0.00822625,8.598780696647936e-05,0.0616753740108889
200,0,200,15,20,sand_als,2,2,0.66,4.0,0.32,100,703.2012048698962,0.0100000806514774,26949,65833,0.008229125,0.0014267977985336,0.059851805882043
201,1,200,15,20,sand_als,2,2,0.66,4.0,0.32,100,705.592335710302,0.0100020202725583,26949,65828,0.0082285,0.0014437884432881,0.0646011926996189
202,2,200,15,20,sand_als,2,2,0.66,4.0,0.32,100,705.8448688630015,0.0100113390435499,26949,65831,0.008228875,0.0014746080582021,0.06336559105138
203,3,200,15,20,sand_als,2,2,0.66,4.0,0.32,100,701.0901878885925,0.0100008962768192,26949,65822,0.00822775,0.0013516898030397,0.0639668781778524
204,4,200,15,20,sand_als,2,2,0.66,4.0,0.32,100,704.9430760685354,0.0100052157793069,26949,65817,0.008227125,0.0013914846131713,0.0639207050091955
205,5,200,15,20,sand_als,2,2,0.66,4.0,0.32,100,705.3102629240602,0.0100133855549807,26949,65812,0.0082265,0.0014219541363115,0.0617471740845306
206,6,200,15,20,sand_als,2,2,0.66,4.0,0.32,100,698.3853050563484,0.0100003355233163,26949,65825,0.008228125,0.0015127331195554,0.0625927789046963
207,7,200,15,20,sand_als,2,2,0.66,4.0,0.32,100,702.9429695308208,0.0109733803224973,26949,65834,0.00822925,0.0018200502647466,0.0669515672798534
208,8,200,15,20,sand_als,2,2,0.66,4.0,0.32,100,699.3886837344617,0.0100081758480896,26949,65827,0.008228375,0.0014956338441437,0.063981734320297
209,9,200,15,20,sand_als,2,2,0.66,4.0,0.32,100,700.9792183768004,0.0100034305053891,26949,65802,0.00822525,0.0014634120096707,0.0664482304851534
210,0,200,5,30,sand_als,2,2,0.66,4.0,0.32,100,651.5490509408992,0.0010189819796648,8983,21956,0.0027445,6.268599655415436e-05,0.0863148937343417
211,1,200,5,30,sand_als,2,2,0.66,4.0,0.32,100,655.927235905081,0.0010175136693785,8983,21956,0.0027445,4.0564970616870257e-05,0.093432676896523
212,2,200,5,30,sand_als,2,2,0.66,4.0,0.32,100,658.6457883620169,0.0015981078427002,8983,21961,0.002745125,0.0002132845696339,0.0932254109103006
213,3,200,5,30,sand_als,2,2,0.66,4.0,0.32,100,637.8760004899232,0.0010017097174278,8983,21959,0.002744875,2.2352982810045277e-05,0.0888048939446557
214,4,200,5,30,sand_als,2,2,0.66,4.0,0.32,100,637.0138997429749,0.001013235002948,8983,21959,0.002744875,3.620762887980672e-05,0.0912600746392292
215,5,200,5,30,sand_als,2,2,0.66,4.0,0.32,100,651.6058651320636,0.00100547360709,8983,21957,0.002744625,6.176542008866138e-05,0.0941093634601585
216,6,200,5,30,sand_als,2,2,0.66,4.0,0.32,100,650.1741653329227,0.0010005601088613,8983,21958,0.00274475,3.411955015827777e-05,0.0941285545113893
217,7,200,5,30,sand_als,2,2,0.66,4.0,0.32,100,640.3241097800201,0.0010129046348117,8983,21958,0.00274475,2.852365682046829e-05,0.0849022739977914
218,8,200,5,30,sand_als,2,2,0.66,4.0,0.32,100,653.240696631954,0.0010020399310095,8983,21956,0.0027445,3.5796804114086787e-05,0.0937217939584926
219,9,200,5,30,sand_als,2,2,0.66,4.0,0.32,100,635.3647689860081,0.0010046385442448,8983,21949,0.002743625,3.1309901331462484e-05,0.0913609446543578
220,0,200,15,40,sand_als,2,2,0.66,4.0,0.32,100,682.131639668718,0.0003198213150346,26949,65820,0.0082275,8.105920888910264e-05,0.0593982971431878
221,1,200,15,40,sand_als,2,2,0.66,4.0,0.32,100,722.539391502738,0.0025656697146617,26949,65824,0.008228,0.0003528635834585,0.0701923549609167
222,2,200,15,40,sand_als,2,2,0.66,4.0,0.32,100,612.9839698951691,0.000121116751512,26949,65817,0.008227125,3.0513280007450254e-05,0.0620155447790201
223,3,200,15,40,sand_als,2,2,0.66,4.0,0.32,100,636.0173279680312,0.0001853041972915,26949,65827,0.008228375,2.656212590509832e-05,0.061636838814194
224,4,200,15,40,sand_als,2,2,0.66,4.0,0.32,100,717.2563204057515,0.0015806054000072,26949,65828,0.0082285,0.0003016257510626,0.0609740401985256
225,5,200,15,40,sand_als,2,2,0.66,4.0,0.32,100,638.6111373733729,0.0001712630861931,26949,65831,0.008228875,4.553327012546145e-05,0.0611667914614237
226,6,200,15,40,sand_als,2,2,0.66,4.0,0.32,100,666.1817167829722,0.0002235372577725,26949,65813,0.008226625,7.486935324359738e-05,0.0604535378828526
227,7,200,15,40,sand_als,2,2,0.66,4.0,0.32,100,713.7571824193001,0.0008325178748256,26949,65823,0.008227875,0.000127166151703,0.0618464460877489
228,8,200,15,40,sand_als,2,2,0.66,4.0,0.32,100,628.8413868173957,0.0001703248940071,26949,65816,0.008227,2.904890004908719e-05,0.0603521902381258
229,9,200,15,40,sand_als,2,2,0.66,4.0,0.32,100,713.3808829728514,0.0027871573764504,26949,65823,0.008227875,0.0012640401334638,0.0632569705213778
230,0,200,10,40,sand_als,2,2,0.66,4.0,0.32,100,535.0147516634315,0.0001401320694507,17966,43900,0.0054875,2.9745326516328336e-05,0.0750301513167709
231,1,200,10,40,sand_als,2,2,0.66,4.0,0.32,100,528.1736990194768,0.0001030798553746,17966,43894,0.00548675,1.077822300224247e-05,0.0724050224297506
232,2,200,10,40,sand_als,2,2,0.66,4.0,0.32,100,589.359911127016,0.0099256120496692,17966,43885,0.005485625,0.003671504173603,0.074002477756711
233,3,200,10,40,sand_als,2,2,0.66,4.0,0.32,100,557.386203031987,0.0003062341807411,17966,43892,0.0054865,5.662613870593234e-05,0.0751270970670294
234,4,200,10,40,sand_als,2,2,0.66,4.0,0.32,100,532.5376633722335,0.0002063445615351,17966,43884,0.0054855,3.83927715736622e-05,0.0757746163187812
235,5,200,10,40,sand_als,2,2,0.66,4.0,0.32,100,558.3417789470404,0.0002767103171227,17966,43893,0.005486625,0.0001025927366712,0.0771009691697675
236,6,200,10,40,sand_als,2,2,0.66,4.0,0.32,100,591.0571059174836,0.0013798050189509,17966,43899,0.005487375,0.0004500995913069,0.0744943969166112
237,7,200,10,40,sand_als,2,2,0.66,4.0,0.32,100,541.3026587795466,0.0001255816207304,17966,43892,0.0054865,4.036735002788697e-05,0.0724586506592933
238,8,200,10,40,sand_als,2,2,0.66,4.0,0.32,100,593.5030251462013,0.0008966085199398,17966,43896,0.005487,0.0003022340664,0.0767726401210964
239,9,200,10,40,sand_als,2,2,0.66,4.0,0.32,100,544.2253258991987,0.0002605441260427,17966,43901,0.005487625,3.7803215683282415e-05,0.0745903534112529
